volume,united_states_savings_inflation_securities,total_interest-bearing_debt,foreign_series,total_marketable,treasury_bills,government_account_series_inflation_securities,weighted_sentiment,special_purpose_vehicle,treasury_floating_rate_notes_(frn),treasury_bonds,treasury_inflation-protected_securities_(tips),price_direction
VeryHigh,VeryHigh,VeryLow,1,VeryLow,VeryLow,VeryLow,Low,Low,VeryLow,VeryLow,VeryLow,Up
High,VeryHigh,VeryLow,1,VeryLow,VeryLow,VeryLow,VeryLow,Low,VeryLow,VeryLow,VeryLow,Down
High,VeryHigh,VeryLow,1,VeryLow,VeryLow,VeryLow,High,Low,VeryLow,VeryLow,VeryLow,Up
VeryHigh,VeryHigh,VeryLow,1,VeryLow,VeryLow,VeryLow,Medium,Low,VeryLow,VeryLow,VeryLow,Down
VeryHigh,VeryHigh,VeryLow,1,VeryLow,VeryLow,VeryLow,VeryLow,Low,VeryLow,VeryLow,VeryLow,Up
VeryHigh,VeryHigh,VeryLow,1,VeryLow,VeryLow,VeryLow,Medium,Low,VeryLow,VeryLow,VeryLow,Down
VeryHigh,VeryHigh,VeryLow,1,VeryLow,VeryLow,VeryLow,VeryLow,Low,VeryLow,VeryLow,VeryLow,Up
VeryHigh,VeryHigh,VeryLow,1,VeryLow,VeryLow,VeryLow,VeryHigh,Low,VeryLow,VeryLow,VeryLow,Down
Low,VeryHigh,VeryLow,1,VeryLow,VeryLow,VeryLow,Low,Low,VeryLow,VeryLow,VeryLow,Down
Medium,VeryHigh,VeryLow,1,VeryLow,VeryLow,VeryLow,Medium,Low,VeryLow,VeryLow,VeryLow,Down
VeryHigh,VeryHigh,VeryLow,1,VeryLow,VeryLow,VeryLow,VeryLow,Low,VeryLow,VeryLow,VeryLow,Up
VeryHigh,VeryHigh,VeryLow,1,VeryLow,VeryLow,VeryLow,High,Low,VeryLow,VeryLow,VeryLow,Up
VeryHigh,VeryHigh,VeryLow,1,VeryLow,VeryLow,VeryLow,Medium,Low,VeryLow,VeryLow,VeryLow,Up
VeryHigh,VeryHigh,VeryLow,1,VeryLow,VeryLow,VeryLow,VeryLow,Low,VeryLow,VeryLow,VeryLow,Down
VeryHigh,VeryHigh,VeryLow,1,VeryLow,VeryLow,VeryLow,Low,Low,VeryLow,VeryLow,VeryLow,Down
VeryHigh,VeryHigh,VeryLow,1,VeryLow,VeryLow,VeryLow,VeryLow,Low,VeryLow,VeryLow,VeryLow,Up
Medium,VeryHigh,VeryLow,1,VeryLow,VeryLow,VeryLow,Medium,Low,VeryLow,VeryLow,VeryLow,Down
VeryHigh,VeryHigh,VeryLow,1,VeryLow,VeryLow,VeryLow,Low,Low,VeryLow,VeryLow,VeryLow,Down
VeryHigh,VeryHigh,VeryLow,1,VeryLow,VeryLow,VeryLow,Medium,Low,VeryLow,VeryLow,VeryLow,Up
High,VeryHigh,VeryLow,1,VeryLow,VeryLow,VeryLow,VeryLow,Low,VeryLow,VeryLow,VeryLow,Down
VeryHigh,VeryHigh,VeryLow,1,VeryLow,VeryLow,VeryLow,VeryLow,Low,VeryLow,VeryLow,VeryLow,Down
VeryHigh,VeryHigh,VeryLow,1,VeryLow,VeryLow,VeryLow,Low,Low,VeryLow,VeryLow,VeryLow,Down
Medium,VeryHigh,VeryLow,1,VeryLow,VeryLow,VeryLow,VeryLow,Low,VeryLow,VeryLow,VeryLow,Up
Low,VeryHigh,VeryLow,1,VeryLow,VeryLow,VeryLow,Low,Low,VeryLow,VeryLow,VeryLow,Down
Low,VeryHigh,VeryLow,1,VeryLow,VeryLow,VeryLow,VeryLow,Low,VeryLow,VeryLow,VeryLow,Up
High,VeryHigh,VeryLow,1,VeryLow,VeryLow,VeryLow,VeryLow,Low,VeryLow,VeryLow,VeryLow,Down
VeryHigh,VeryHigh,VeryLow,1,VeryLow,VeryLow,VeryLow,Medium,Low,VeryLow,VeryLow,VeryLow,Down
VeryHigh,VeryHigh,VeryLow,1,VeryLow,VeryLow,VeryLow,VeryLow,Low,VeryLow,VeryLow,VeryLow,Up
VeryHigh,VeryHigh,VeryLow,1,VeryLow,VeryLow,VeryLow,Medium,Low,VeryLow,VeryLow,VeryLow,Down
High,VeryHigh,VeryLow,1,VeryLow,VeryLow,VeryLow,VeryLow,Low,VeryLow,VeryLow,VeryLow,Down
Medium,VeryHigh,VeryLow,1,VeryLow,VeryLow,VeryLow,VeryLow,Low,Low,VeryLow,VeryLow,Up
High,VeryHigh,VeryLow,1,VeryLow,VeryLow,VeryLow,VeryHigh,Low,Low,VeryLow,VeryLow,Up
High,VeryHigh,VeryLow,1,VeryLow,VeryLow,VeryLow,Low,Low,Low,VeryLow,VeryLow,Up
VeryHigh,VeryHigh,VeryLow,1,VeryLow,VeryLow,VeryLow,High,Low,Low,VeryLow,VeryLow,Up
High,VeryHigh,VeryLow,1,VeryLow,VeryLow,VeryLow,Medium,Low,Low,VeryLow,VeryLow,Down
VeryHigh,VeryHigh,VeryLow,1,VeryLow,VeryLow,VeryLow,Low,Low,Low,VeryLow,VeryLow,Up
Low,VeryHigh,VeryLow,1,VeryLow,VeryLow,VeryLow,VeryLow,Low,Low,VeryLow,VeryLow,Down
Medium,VeryHigh,VeryLow,1,VeryLow,VeryLow,VeryLow,VeryLow,Low,Low,VeryLow,VeryLow,Up
VeryHigh,VeryHigh,VeryLow,1,VeryLow,VeryLow,VeryLow,Low,Low,Low,VeryLow,VeryLow,Up
VeryHigh,VeryHigh,VeryLow,1,VeryLow,VeryLow,VeryLow,VeryLow,Low,Low,VeryLow,VeryLow,Up
VeryHigh,VeryHigh,VeryLow,1,VeryLow,VeryLow,VeryLow,Low,Low,Low,VeryLow,VeryLow,Up
VeryHigh,VeryHigh,VeryLow,1,VeryLow,VeryLow,VeryLow,Medium,Low,Low,VeryLow,VeryLow,Up
VeryHigh,VeryHigh,VeryLow,1,VeryLow,VeryLow,VeryLow,High,Low,Low,VeryLow,VeryLow,Up
VeryHigh,VeryHigh,VeryLow,1,VeryLow,VeryLow,VeryLow,VeryLow,Low,Low,VeryLow,VeryLow,Up
VeryHigh,VeryHigh,VeryLow,1,VeryLow,VeryLow,VeryLow,VeryHigh,Low,Low,VeryLow,VeryLow,Down
VeryHigh,VeryHigh,VeryLow,1,VeryLow,VeryLow,VeryLow,VeryHigh,Low,Low,VeryLow,VeryLow,Up
VeryHigh,VeryHigh,VeryLow,1,VeryLow,VeryLow,VeryLow,High,Low,Low,VeryLow,VeryLow,Down
VeryHigh,VeryHigh,VeryLow,1,VeryLow,VeryLow,VeryLow,Medium,Low,Low,VeryLow,VeryLow,Down
VeryHigh,VeryHigh,VeryLow,1,VeryLow,VeryLow,VeryLow,Low,Low,Low,VeryLow,VeryLow,Up
VeryHigh,VeryHigh,VeryLow,1,VeryLow,VeryLow,VeryLow,High,Low,Low,VeryLow,VeryLow,Up
VeryHigh,VeryHigh,VeryLow,1,VeryLow,VeryLow,VeryLow,High,Low,Low,VeryLow,VeryLow,Up
VeryHigh,VeryHigh,VeryLow,1,VeryLow,VeryLow,VeryLow,VeryHigh,Low,Low,VeryLow,VeryLow,Down
VeryHigh,VeryHigh,VeryLow,1,VeryLow,VeryLow,VeryLow,Low,Low,Low,VeryLow,VeryLow,Up
VeryHigh,VeryHigh,VeryLow,1,VeryLow,VeryLow,VeryLow,High,Low,Low,VeryLow,VeryLow,Down
VeryHigh,VeryHigh,VeryLow,1,VeryLow,VeryLow,VeryLow,VeryLow,Low,Low,VeryLow,VeryLow,Up
VeryHigh,VeryHigh,VeryLow,1,VeryLow,VeryLow,VeryLow,Medium,Low,Low,VeryLow,VeryLow,Down
VeryHigh,VeryHigh,VeryLow,1,VeryLow,VeryLow,VeryLow,VeryLow,Low,Low,VeryLow,VeryLow,Up
Low,VeryHigh,VeryLow,1,VeryLow,VeryLow,VeryLow,Medium,Low,Low,VeryLow,VeryLow,Down
VeryHigh,VeryHigh,VeryLow,1,VeryLow,VeryLow,VeryLow,Low,Low,Low,VeryLow,VeryLow,Up
VeryHigh,VeryHigh,VeryLow,1,VeryLow,VeryLow,VeryLow,VeryHigh,Low,Low,VeryLow,VeryLow,Down
VeryHigh,VeryHigh,VeryLow,1,VeryLow,VeryLow,VeryLow,Low,Low,Low,VeryLow,VeryLow,Up
VeryHigh,VeryHigh,VeryLow,1,VeryLow,VeryLow,VeryLow,VeryLow,Medium,Medium,VeryLow,VeryLow,Up
High,VeryHigh,VeryLow,1,VeryLow,VeryLow,VeryLow,VeryLow,Medium,Medium,VeryLow,VeryLow,Down
High,VeryHigh,VeryLow,1,VeryLow,VeryLow,VeryLow,Medium,Medium,Medium,VeryLow,VeryLow,Down
VeryLow,VeryHigh,VeryLow,1,VeryLow,VeryLow,VeryLow,VeryHigh,Medium,Medium,VeryLow,VeryLow,Down
Low,VeryHigh,VeryLow,1,VeryLow,VeryLow,VeryLow,Low,Medium,Medium,VeryLow,VeryLow,Down
Medium,VeryHigh,VeryLow,1,VeryLow,VeryLow,VeryLow,VeryLow,Medium,Medium,VeryLow,VeryLow,Down
Medium,VeryHigh,VeryLow,1,VeryLow,VeryLow,VeryLow,VeryLow,Medium,Medium,VeryLow,VeryLow,Up
Low,VeryHigh,VeryLow,1,VeryLow,VeryLow,VeryLow,VeryLow,Medium,Medium,VeryLow,VeryLow,Down
VeryHigh,VeryHigh,VeryLow,1,VeryLow,VeryLow,VeryLow,VeryLow,Medium,Medium,VeryLow,VeryLow,Down
High,VeryHigh,VeryLow,1,VeryLow,VeryLow,VeryLow,Medium,Medium,Medium,VeryLow,VeryLow,Down
VeryLow,VeryHigh,VeryLow,1,VeryLow,VeryLow,VeryLow,VeryLow,Medium,Medium,VeryLow,VeryLow,Up
Low,VeryHigh,VeryLow,1,VeryLow,VeryLow,VeryLow,VeryHigh,Medium,Medium,VeryLow,VeryLow,Down
High,VeryHigh,VeryLow,1,VeryLow,VeryLow,VeryLow,Medium,Medium,Medium,VeryLow,VeryLow,Down
High,VeryHigh,VeryLow,1,VeryLow,VeryLow,VeryLow,VeryLow,Medium,Medium,VeryLow,VeryLow,Up
VeryHigh,VeryHigh,VeryLow,1,VeryLow,VeryLow,VeryLow,Low,Medium,Medium,VeryLow,VeryLow,Up
VeryHigh,VeryHigh,VeryLow,1,VeryLow,VeryLow,VeryLow,Low,Medium,Medium,VeryLow,VeryLow,Down
VeryHigh,VeryHigh,VeryLow,1,VeryLow,VeryLow,VeryLow,Medium,Medium,Medium,VeryLow,VeryLow,Up
Low,VeryHigh,VeryLow,1,VeryLow,VeryLow,VeryLow,Low,Medium,Medium,VeryLow,VeryLow,Up
Medium,VeryHigh,VeryLow,1,VeryLow,VeryLow,VeryLow,VeryLow,Medium,Medium,VeryLow,VeryLow,Down
High,VeryHigh,VeryLow,1,VeryLow,VeryLow,VeryLow,High,Medium,Medium,VeryLow,VeryLow,Up
High,VeryHigh,VeryLow,1,VeryLow,VeryLow,VeryLow,Medium,Medium,Medium,VeryLow,VeryLow,Down
High,VeryHigh,VeryLow,1,VeryLow,VeryLow,VeryLow,VeryLow,Medium,Medium,VeryLow,VeryLow,Down
High,VeryHigh,VeryLow,1,VeryLow,VeryLow,VeryLow,Medium,Medium,Medium,VeryLow,VeryLow,Down
VeryHigh,VeryHigh,VeryLow,1,VeryLow,VeryLow,VeryLow,Medium,Medium,Medium,VeryLow,VeryLow,Down
Low,VeryHigh,VeryLow,1,VeryLow,VeryLow,VeryLow,Low,Medium,Medium,VeryLow,VeryLow,Down
Low,VeryHigh,VeryLow,1,VeryLow,VeryLow,VeryLow,Low,Medium,Medium,VeryLow,VeryLow,Up
Medium,VeryHigh,VeryLow,1,VeryLow,VeryLow,VeryLow,VeryLow,Medium,Medium,VeryLow,VeryLow,Down
Medium,VeryHigh,VeryLow,1,VeryLow,VeryLow,VeryLow,VeryLow,Medium,Medium,VeryLow,VeryLow,Down
Medium,VeryHigh,VeryLow,1,VeryLow,Low,VeryLow,High,Medium,Low,VeryLow,VeryLow,Up
Medium,VeryHigh,VeryLow,1,VeryLow,Low,VeryLow,VeryLow,Medium,Low,VeryLow,VeryLow,Down
VeryHigh,VeryHigh,VeryLow,1,VeryLow,Low,VeryLow,High,Medium,Low,VeryLow,VeryLow,Down
VeryLow,VeryHigh,VeryLow,1,VeryLow,Low,VeryLow,Low,Medium,Low,VeryLow,VeryLow,Down
Low,VeryHigh,VeryLow,1,VeryLow,Low,VeryLow,Low,Medium,Low,VeryLow,VeryLow,Up
Medium,VeryHigh,VeryLow,1,VeryLow,Low,VeryLow,VeryLow,Medium,Low,VeryLow,VeryLow,Down
Medium,VeryHigh,VeryLow,1,VeryLow,Low,VeryLow,High,Medium,Low,VeryLow,VeryLow,Down
High,VeryHigh,VeryLow,1,VeryLow,Low,VeryLow,High,Medium,Low,VeryLow,VeryLow,Down
VeryHigh,VeryHigh,VeryLow,1,VeryLow,Low,VeryLow,Low,Medium,Low,VeryLow,VeryLow,Down
VeryHigh,VeryHigh,VeryLow,1,VeryLow,Low,VeryLow,Low,Medium,Low,VeryLow,VeryLow,Down
VeryHigh,VeryHigh,VeryLow,1,VeryLow,Low,VeryLow,Low,Medium,Low,VeryLow,VeryLow,Up
VeryHigh,VeryHigh,VeryLow,1,VeryLow,Low,VeryLow,VeryLow,Medium,Low,VeryLow,VeryLow,Up
VeryHigh,VeryHigh,VeryLow,1,VeryLow,Low,VeryLow,Low,Medium,Low,VeryLow,VeryLow,Up
VeryHigh,VeryHigh,VeryLow,1,VeryLow,Low,VeryLow,High,Medium,Low,VeryLow,VeryLow,Up
VeryHigh,VeryHigh,VeryLow,1,VeryLow,Low,VeryLow,Medium,Medium,Low,VeryLow,VeryLow,Down
VeryHigh,VeryHigh,VeryLow,1,VeryLow,Low,VeryLow,High,Medium,Low,VeryLow,VeryLow,Up
VeryHigh,VeryHigh,VeryLow,1,VeryLow,Low,VeryLow,VeryLow,Medium,Low,VeryLow,VeryLow,Up
VeryHigh,VeryHigh,VeryLow,1,VeryLow,Low,VeryLow,VeryHigh,Medium,Low,VeryLow,VeryLow,Down
High,VeryHigh,VeryLow,1,VeryLow,Low,VeryLow,VeryLow,Medium,Low,VeryLow,VeryLow,Up
VeryHigh,VeryHigh,VeryLow,1,VeryLow,Low,VeryLow,VeryLow,Medium,Low,VeryLow,VeryLow,Down
High,VeryHigh,VeryLow,1,VeryLow,Low,VeryLow,Low,Medium,Low,VeryLow,VeryLow,Up
VeryHigh,VeryHigh,VeryLow,1,VeryLow,Low,VeryLow,Medium,Medium,Low,VeryLow,VeryLow,Down
VeryHigh,VeryHigh,VeryLow,1,VeryLow,Low,VeryLow,Medium,Medium,Low,VeryLow,VeryLow,Up
VeryHigh,VeryHigh,VeryLow,1,VeryLow,Low,VeryLow,VeryLow,Medium,Low,VeryLow,VeryLow,Down
Medium,VeryHigh,VeryLow,1,VeryLow,Low,VeryLow,Medium,Medium,Low,VeryLow,VeryLow,Down
Medium,VeryHigh,VeryLow,1,VeryLow,Low,VeryLow,Medium,Medium,Low,VeryLow,VeryLow,Up
High,VeryHigh,VeryLow,1,VeryLow,Low,VeryLow,VeryLow,Medium,Low,VeryLow,VeryLow,Down
High,VeryHigh,VeryLow,1,VeryLow,Low,VeryLow,VeryLow,Medium,Low,VeryLow,VeryLow,Up
High,VeryHigh,VeryLow,1,VeryLow,Low,VeryLow,High,Medium,Low,VeryLow,VeryLow,Up
VeryHigh,VeryHigh,VeryLow,1,VeryLow,Low,VeryLow,VeryHigh,Medium,Low,VeryLow,VeryLow,Down
VeryHigh,VeryHigh,VeryLow,1,VeryLow,Low,VeryLow,Low,Medium,Low,VeryLow,VeryLow,Up
Low,VeryHigh,VeryLow,0,VeryLow,Medium,VeryLow,Low,Medium,Medium,VeryLow,VeryLow,Down
Low,VeryHigh,VeryLow,0,VeryLow,Medium,VeryLow,High,Medium,Medium,VeryLow,VeryLow,Down
High,VeryHigh,VeryLow,0,VeryLow,Medium,VeryLow,VeryLow,Medium,Medium,VeryLow,VeryLow,Down
High,VeryHigh,VeryLow,0,VeryLow,Medium,VeryLow,Medium,Medium,Medium,VeryLow,VeryLow,Up
High,VeryHigh,VeryLow,0,VeryLow,Medium,VeryLow,Medium,Medium,Medium,VeryLow,VeryLow,Down
Medium,VeryHigh,VeryLow,0,VeryLow,Medium,VeryLow,VeryLow,Medium,Medium,VeryLow,VeryLow,Down
Low,VeryHigh,VeryLow,0,VeryLow,Medium,VeryLow,Medium,Medium,Medium,VeryLow,VeryLow,Down
VeryLow,VeryHigh,VeryLow,0,VeryLow,Medium,VeryLow,Medium,Medium,Medium,VeryLow,VeryLow,Up
Low,VeryHigh,VeryLow,0,VeryLow,Medium,VeryLow,High,Medium,Medium,VeryLow,VeryLow,Up
High,VeryHigh,VeryLow,0,VeryLow,Medium,VeryLow,Medium,Medium,Medium,VeryLow,VeryLow,Up
VeryHigh,VeryHigh,VeryLow,0,VeryLow,Medium,VeryLow,Medium,Medium,Medium,VeryLow,VeryLow,Up
High,VeryHigh,VeryLow,0,VeryLow,Medium,VeryLow,Medium,Medium,Medium,VeryLow,VeryLow,Down
High,VeryHigh,VeryLow,0,VeryLow,Medium,VeryLow,VeryHigh,Medium,Medium,VeryLow,VeryLow,Up
VeryHigh,VeryHigh,VeryLow,0,VeryLow,Medium,VeryLow,Medium,Medium,Medium,VeryLow,VeryLow,Up
Low,VeryHigh,VeryLow,0,VeryLow,Medium,VeryLow,Low,Medium,Medium,VeryLow,VeryLow,Down
Low,VeryHigh,VeryLow,0,VeryLow,Medium,VeryLow,Low,Medium,Medium,VeryLow,VeryLow,Up
High,VeryHigh,VeryLow,0,VeryLow,Medium,VeryLow,High,Medium,Medium,VeryLow,VeryLow,Down
High,VeryHigh,VeryLow,0,VeryLow,Medium,VeryLow,High,Medium,Medium,VeryLow,VeryLow,Up
VeryHigh,VeryHigh,VeryLow,0,VeryLow,Medium,VeryLow,Medium,Medium,Medium,VeryLow,VeryLow,Down
High,VeryHigh,VeryLow,0,VeryLow,Medium,VeryLow,Low,Medium,Medium,VeryLow,VeryLow,Down
VeryHigh,VeryHigh,VeryLow,0,VeryLow,Medium,VeryLow,Low,Medium,Medium,VeryLow,VeryLow,Down
Low,VeryHigh,VeryLow,0,VeryLow,Medium,VeryLow,Low,Medium,Medium,VeryLow,VeryLow,Up
Low,VeryHigh,VeryLow,0,VeryLow,Medium,VeryLow,Low,Medium,Medium,VeryLow,VeryLow,Down
High,VeryHigh,VeryLow,0,VeryLow,Medium,VeryLow,Low,Medium,Medium,VeryLow,VeryLow,Down
Medium,VeryHigh,VeryLow,0,VeryLow,Medium,VeryLow,High,Medium,Medium,VeryLow,VeryLow,Up
VeryHigh,VeryHigh,VeryLow,0,VeryLow,Medium,VeryLow,VeryLow,Medium,Medium,VeryLow,VeryLow,Up
VeryHigh,VeryHigh,VeryLow,0,VeryLow,Medium,VeryLow,VeryLow,Medium,Medium,VeryLow,VeryLow,Up
High,VeryHigh,VeryLow,0,VeryLow,Medium,VeryLow,Medium,Medium,Medium,VeryLow,VeryLow,Down
VeryLow,VeryHigh,VeryLow,0,VeryLow,Medium,VeryLow,VeryLow,Medium,Medium,VeryLow,VeryLow,Down
Low,VeryHigh,VeryLow,0,VeryLow,Medium,VeryLow,Medium,Medium,Medium,VeryLow,VeryLow,Down
VeryHigh,VeryHigh,VeryLow,0,VeryLow,Medium,VeryLow,VeryLow,Medium,Medium,VeryLow,VeryLow,Down
High,VeryHigh,VeryLow,0,VeryLow,Medium,VeryLow,VeryLow,Medium,Medium,VeryLow,VeryLow,Up
High,VeryHigh,VeryLow,0,VeryLow,Medium,VeryLow,Medium,Medium,Medium,VeryLow,VeryLow,Up
Medium,VeryHigh,VeryLow,0,VeryLow,Medium,VeryLow,High,Medium,Medium,VeryLow,VeryLow,Down
High,VeryHigh,VeryLow,0,VeryLow,Medium,VeryLow,VeryLow,Medium,Medium,VeryLow,VeryLow,Up
Medium,VeryHigh,VeryLow,0,VeryLow,Medium,VeryLow,Low,Medium,Medium,VeryLow,VeryLow,Down
Low,VeryHigh,VeryLow,0,VeryLow,Medium,VeryLow,VeryLow,Medium,Medium,VeryLow,VeryLow,Down
High,VeryHigh,VeryLow,0,VeryLow,Medium,VeryLow,Low,Medium,Medium,VeryLow,VeryLow,Down
Medium,VeryHigh,VeryLow,0,VeryLow,Medium,VeryLow,VeryLow,Medium,Medium,VeryLow,VeryLow,Down
VeryHigh,VeryHigh,VeryLow,0,VeryLow,Medium,VeryLow,Low,Medium,Medium,VeryLow,VeryLow,Down
High,VeryHigh,VeryLow,0,VeryLow,Medium,VeryLow,VeryLow,Medium,Medium,VeryLow,VeryLow,Down
VeryHigh,VeryHigh,VeryLow,0,VeryLow,Medium,VeryLow,VeryLow,Medium,Medium,VeryLow,VeryLow,Down
VeryLow,VeryHigh,VeryLow,0,VeryLow,Medium,VeryLow,VeryLow,Medium,Medium,VeryLow,VeryLow,Down
VeryLow,VeryHigh,VeryLow,0,VeryLow,Medium,VeryLow,VeryHigh,Medium,Medium,VeryLow,VeryLow,Up
Medium,VeryHigh,VeryLow,0,VeryLow,Medium,VeryLow,High,Medium,Medium,VeryLow,VeryLow,Up
Medium,VeryHigh,VeryLow,0,VeryLow,Medium,VeryLow,VeryLow,Medium,Medium,VeryLow,VeryLow,Down
High,VeryHigh,VeryLow,0,VeryLow,Medium,VeryLow,VeryLow,Medium,Medium,VeryLow,VeryLow,Up
High,VeryHigh,VeryLow,0,VeryLow,Medium,VeryLow,High,Medium,Medium,VeryLow,VeryLow,Down
Low,VeryHigh,VeryLow,0,VeryLow,Medium,VeryLow,Low,Medium,Medium,VeryLow,VeryLow,Up
VeryLow,VeryHigh,VeryLow,0,VeryLow,Medium,VeryLow,Medium,Medium,Medium,VeryLow,VeryLow,Up
Low,VeryHigh,VeryLow,0,VeryLow,Medium,VeryLow,VeryLow,Medium,Medium,VeryLow,VeryLow,Down
Medium,VeryHigh,VeryLow,0,VeryLow,Medium,VeryLow,VeryHigh,Medium,Medium,VeryLow,VeryLow,Up
Medium,VeryHigh,VeryLow,0,VeryLow,Medium,VeryLow,High,Medium,Medium,VeryLow,VeryLow,Up
High,VeryHigh,VeryLow,0,VeryLow,Medium,VeryLow,VeryHigh,Medium,Medium,VeryLow,VeryLow,Down
Medium,VeryHigh,VeryLow,0,VeryLow,Medium,VeryLow,VeryLow,Medium,Medium,VeryLow,VeryLow,Up
Medium,VeryHigh,VeryLow,0,VeryLow,Medium,VeryLow,Low,Medium,Medium,VeryLow,VeryLow,Up
VeryLow,VeryHigh,VeryLow,0,VeryLow,Medium,VeryLow,Medium,Medium,Medium,VeryLow,VeryLow,Up
Medium,VeryHigh,VeryLow,0,VeryLow,Medium,VeryLow,VeryLow,Medium,Medium,VeryLow,VeryLow,Up
Medium,VeryHigh,VeryLow,0,VeryLow,Medium,VeryLow,High,Medium,Medium,VeryLow,VeryLow,Down
Medium,VeryHigh,VeryLow,0,VeryLow,Medium,VeryLow,VeryHigh,Medium,Medium,VeryLow,VeryLow,Down
High,VeryHigh,VeryLow,0,VeryLow,Medium,VeryLow,VeryLow,Medium,Medium,VeryLow,VeryLow,Down
Medium,VeryHigh,VeryLow,0,VeryLow,Medium,VeryLow,VeryLow,VeryHigh,High,VeryLow,VeryLow,Down
High,VeryHigh,VeryLow,0,VeryLow,Medium,VeryLow,Medium,VeryHigh,High,VeryLow,VeryLow,Up
VeryLow,VeryHigh,VeryLow,0,VeryLow,Medium,VeryLow,Low,VeryHigh,High,VeryLow,VeryLow,Down
VeryLow,VeryHigh,VeryLow,0,VeryLow,Medium,VeryLow,VeryHigh,VeryHigh,High,VeryLow,VeryLow,Up
High,VeryHigh,VeryLow,0,VeryLow,Medium,VeryLow,VeryLow,VeryHigh,High,VeryLow,VeryLow,Down
VeryHigh,VeryHigh,VeryLow,0,VeryLow,Medium,VeryLow,VeryLow,VeryHigh,High,VeryLow,VeryLow,Up
High,VeryHigh,VeryLow,0,VeryLow,Medium,VeryLow,Medium,VeryHigh,High,VeryLow,VeryLow,Down
Low,VeryHigh,VeryLow,0,VeryLow,Medium,VeryLow,Low,VeryHigh,High,VeryLow,VeryLow,Up
Medium,VeryHigh,VeryLow,0,VeryLow,Medium,VeryLow,VeryLow,VeryHigh,High,VeryLow,VeryLow,Down
High,VeryHigh,VeryLow,0,VeryLow,Medium,VeryLow,VeryLow,VeryHigh,High,VeryLow,VeryLow,Down
Medium,VeryHigh,VeryLow,0,VeryLow,Medium,VeryLow,VeryLow,VeryHigh,High,VeryLow,VeryLow,Up
Medium,VeryHigh,VeryLow,0,VeryLow,Medium,VeryLow,VeryHigh,VeryHigh,High,VeryLow,VeryLow,Down
High,VeryHigh,VeryLow,0,VeryLow,Medium,VeryLow,Low,VeryHigh,High,VeryLow,VeryLow,Up
High,VeryHigh,VeryLow,0,VeryLow,Medium,VeryLow,Medium,VeryHigh,High,VeryLow,VeryLow,Down
VeryHigh,VeryHigh,VeryLow,0,VeryLow,Medium,VeryLow,VeryLow,VeryHigh,High,VeryLow,VeryLow,Up
High,VeryHigh,VeryLow,0,VeryLow,Medium,VeryLow,High,VeryHigh,High,VeryLow,VeryLow,Up
Low,VeryHigh,VeryLow,0,VeryLow,Medium,VeryLow,Low,VeryHigh,High,VeryLow,VeryLow,Up
Low,VeryHigh,VeryLow,0,VeryLow,Medium,VeryLow,VeryHigh,VeryHigh,High,VeryLow,VeryLow,Down
Medium,VeryHigh,VeryLow,0,VeryLow,Medium,VeryLow,Low,VeryHigh,High,VeryLow,VeryLow,Up
VeryHigh,VeryHigh,VeryLow,0,VeryLow,Medium,VeryLow,Low,VeryHigh,High,VeryLow,VeryLow,Up
VeryHigh,VeryHigh,VeryLow,0,VeryLow,Medium,VeryLow,Medium,VeryHigh,High,VeryLow,VeryLow,Up
VeryHigh,VeryHigh,VeryLow,0,VeryLow,Medium,VeryLow,High,VeryHigh,High,VeryLow,VeryLow,Down
VeryHigh,VeryHigh,VeryLow,0,VeryLow,Medium,VeryLow,Medium,VeryHigh,High,VeryLow,VeryLow,Up
Low,VeryHigh,VeryLow,0,VeryLow,Medium,VeryLow,Medium,VeryHigh,High,VeryLow,VeryLow,Down
Low,VeryHigh,VeryLow,0,VeryLow,Medium,VeryLow,VeryLow,VeryHigh,High,VeryLow,VeryLow,Down
High,VeryHigh,VeryLow,0,VeryLow,Medium,VeryLow,High,VeryHigh,High,VeryLow,VeryLow,Down
Medium,VeryHigh,VeryLow,0,VeryLow,Medium,VeryLow,Low,VeryHigh,High,VeryLow,VeryLow,Up
Medium,VeryHigh,VeryLow,0,VeryLow,Medium,VeryLow,VeryHigh,VeryHigh,High,VeryLow,VeryLow,Down
High,VeryHigh,VeryLow,0,VeryLow,Medium,VeryLow,Low,VeryHigh,High,VeryLow,VeryLow,Up
VeryHigh,VeryHigh,VeryLow,0,VeryLow,Medium,VeryLow,VeryLow,VeryHigh,High,VeryLow,VeryLow,Up
VeryLow,High,VeryLow,0,VeryLow,Medium,VeryLow,High,High,High,VeryLow,VeryLow,Up
VeryLow,High,VeryLow,0,VeryLow,Medium,VeryLow,Low,High,High,VeryLow,VeryLow,Up
Medium,High,VeryLow,0,VeryLow,Medium,VeryLow,High,High,High,VeryLow,VeryLow,Up
Low,High,VeryLow,0,VeryLow,Medium,VeryLow,Low,High,High,VeryLow,VeryLow,Down
Medium,High,VeryLow,0,VeryLow,Medium,VeryLow,High,High,High,VeryLow,VeryLow,Down
High,High,VeryLow,0,VeryLow,Medium,VeryLow,Medium,High,High,VeryLow,VeryLow,Down
Medium,High,VeryLow,0,VeryLow,Medium,VeryLow,Medium,High,High,VeryLow,VeryLow,Up
VeryLow,High,VeryLow,0,VeryLow,Medium,VeryLow,Low,High,High,VeryLow,VeryLow,Down
VeryLow,High,VeryLow,0,VeryLow,Medium,VeryLow,VeryLow,High,High,VeryLow,VeryLow,Down
High,High,VeryLow,0,VeryLow,Medium,VeryLow,VeryLow,High,High,VeryLow,VeryLow,Up
Medium,High,VeryLow,0,VeryLow,Medium,VeryLow,High,High,High,VeryLow,VeryLow,Up
High,High,VeryLow,0,VeryLow,Medium,VeryLow,Medium,High,High,VeryLow,VeryLow,Down
VeryHigh,High,VeryLow,0,VeryLow,Medium,VeryLow,Medium,High,High,VeryLow,VeryLow,Up
VeryHigh,High,VeryLow,0,VeryLow,Medium,VeryLow,VeryLow,High,High,VeryLow,VeryLow,Down
VeryLow,High,VeryLow,0,VeryLow,Medium,VeryLow,Low,High,High,VeryLow,VeryLow,Down
VeryLow,High,VeryLow,0,VeryLow,Medium,VeryLow,VeryLow,High,High,VeryLow,VeryLow,Down
Medium,High,VeryLow,0,VeryLow,Medium,VeryLow,VeryHigh,High,High,VeryLow,VeryLow,Down
Medium,High,VeryLow,0,VeryLow,Medium,VeryLow,High,High,High,VeryLow,VeryLow,Down
Medium,High,VeryLow,0,VeryLow,Medium,VeryLow,High,High,High,VeryLow,VeryLow,Up
Medium,High,VeryLow,0,VeryLow,Medium,VeryLow,VeryLow,High,High,VeryLow,VeryLow,Down
Low,High,VeryLow,0,VeryLow,Medium,VeryLow,High,High,High,VeryLow,VeryLow,Up
VeryLow,High,VeryLow,0,VeryLow,Medium,VeryLow,VeryLow,High,High,VeryLow,VeryLow,Down
VeryLow,High,VeryLow,0,VeryLow,Medium,VeryLow,VeryHigh,High,High,VeryLow,VeryLow,Up
High,High,VeryLow,0,VeryLow,Medium,VeryLow,Low,High,High,VeryLow,VeryLow,Down
Low,High,VeryLow,0,VeryLow,Medium,VeryLow,Low,High,High,VeryLow,VeryLow,Up
Medium,High,VeryLow,0,VeryLow,Medium,VeryLow,Medium,High,High,VeryLow,VeryLow,Up
Low,High,VeryLow,0,VeryLow,Medium,VeryLow,Low,High,High,VeryLow,VeryLow,Down
Low,High,VeryLow,0,VeryLow,Medium,VeryLow,VeryHigh,High,High,VeryLow,VeryLow,Up
VeryLow,High,VeryLow,0,VeryLow,Medium,VeryLow,VeryLow,High,High,VeryLow,VeryLow,Up
VeryLow,High,VeryLow,0,VeryLow,Medium,VeryLow,VeryLow,High,High,VeryLow,VeryLow,Down
Medium,High,VeryLow,0,VeryLow,Medium,VeryLow,VeryLow,High,High,VeryLow,VeryLow,Down
High,High,Low,0,Low,High,VeryLow,High,VeryHigh,High,Low,Low,Up
VeryHigh,High,Low,0,Low,High,VeryLow,High,VeryHigh,High,Low,Low,Down
Medium,High,Low,0,Low,High,VeryLow,High,VeryHigh,High,Low,Low,Up
Low,High,Low,0,Low,High,VeryLow,Low,VeryHigh,High,Low,Low,Down
VeryLow,High,Low,0,Low,High,VeryLow,Low,VeryHigh,High,Low,Low,Down
VeryLow,High,Low,0,Low,High,VeryLow,VeryLow,VeryHigh,High,Low,Low,Down
Medium,High,Low,0,Low,High,VeryLow,High,VeryHigh,High,Low,Low,Up
High,High,Low,0,Low,High,VeryLow,High,VeryHigh,High,Low,Low,Up
Medium,High,Low,0,Low,High,VeryLow,VeryHigh,VeryHigh,High,Low,Low,Down
Low,High,Low,0,Low,High,VeryLow,VeryHigh,VeryHigh,High,Low,Low,Down
Low,High,Low,0,Low,High,VeryLow,Low,VeryHigh,High,Low,Low,Down
VeryLow,High,Low,0,Low,High,VeryLow,High,VeryHigh,High,Low,Low,Up
VeryLow,High,Low,0,Low,High,VeryLow,Low,VeryHigh,High,Low,Low,Down
Low,High,Low,0,Low,High,VeryLow,VeryLow,VeryHigh,High,Low,Low,Up
Low,High,Low,0,Low,High,VeryLow,High,VeryHigh,High,Low,Low,Down
Medium,High,Low,0,Low,High,VeryLow,High,VeryHigh,High,Low,Low,Down
VeryHigh,High,Low,0,Low,High,VeryLow,High,VeryHigh,High,Low,Low,Down
VeryHigh,High,Low,0,Low,High,VeryLow,VeryLow,VeryHigh,High,Low,Low,Down
Low,High,Low,0,Low,High,VeryLow,Low,VeryHigh,High,Low,Low,Up
VeryLow,High,Low,0,Low,High,VeryLow,VeryLow,VeryHigh,High,Low,Low,Up
Medium,High,Low,0,Low,High,VeryLow,VeryLow,VeryHigh,High,Low,Low,Down
High,High,Low,0,Low,High,VeryLow,Medium,VeryHigh,High,Low,Low,Down
High,High,Low,0,Low,High,VeryLow,VeryLow,VeryHigh,High,Low,Low,Up
Medium,High,Low,0,Low,High,VeryLow,Low,VeryHigh,High,Low,Low,Down
Medium,High,Low,0,Low,High,VeryLow,VeryHigh,VeryHigh,High,Low,Low,Down
VeryLow,High,Low,0,Low,High,VeryLow,Medium,VeryHigh,High,Low,Low,Down
VeryLow,High,Low,0,Low,High,VeryLow,VeryLow,VeryHigh,High,Low,Low,Up
Low,High,Low,0,Low,High,VeryLow,Low,VeryHigh,High,Low,Low,Up
VeryHigh,High,Low,0,Low,High,VeryLow,Low,VeryHigh,High,Low,Low,Up
Medium,High,Low,0,Low,High,VeryLow,Medium,VeryHigh,High,Low,Low,Down
High,High,Low,0,Low,High,VeryLow,VeryHigh,VeryHigh,High,Low,Low,Down
High,High,Low,0,Low,High,VeryLow,Low,VeryHigh,High,Low,Low,Down
VeryLow,High,Low,0,Low,High,VeryLow,VeryLow,VeryHigh,High,Low,Low,Up
VeryLow,High,Low,0,Low,High,VeryLow,Low,VeryHigh,High,Low,Low,Up
VeryLow,High,Low,0,Low,High,VeryLow,VeryHigh,VeryHigh,High,Low,Low,Down
Low,High,Low,0,Low,High,VeryLow,VeryLow,VeryHigh,High,Low,Low,Down
Medium,High,Low,0,Low,High,VeryLow,Medium,VeryHigh,High,Low,Low,Down
Medium,High,Low,0,Low,High,VeryLow,VeryHigh,VeryHigh,High,Low,Low,Up
Medium,High,Low,0,Low,High,VeryLow,Low,VeryHigh,High,Low,Low,Down
VeryLow,High,Low,0,Low,High,VeryLow,Medium,VeryHigh,High,Low,Low,Down
VeryLow,High,Low,0,Low,High,VeryLow,High,VeryHigh,High,Low,Low,Down
High,High,Low,0,Low,High,VeryLow,High,VeryHigh,High,Low,Low,Down
VeryHigh,High,Low,0,Low,High,VeryLow,VeryLow,VeryHigh,High,Low,Low,Up
Medium,High,Low,0,Low,High,VeryLow,VeryLow,VeryHigh,High,Low,Low,Up
High,High,Low,0,Low,High,VeryLow,VeryLow,VeryHigh,High,Low,Low,Up
Medium,High,Low,0,Low,High,VeryLow,Medium,VeryHigh,High,Low,Low,Up
VeryLow,High,Low,0,Low,High,VeryLow,VeryLow,VeryHigh,High,Low,Low,Down
VeryLow,High,Low,0,Low,High,VeryLow,VeryLow,VeryHigh,High,Low,Low,Down
High,High,Low,0,Low,High,VeryLow,Low,VeryHigh,High,Low,Low,Up
High,High,Low,0,Low,High,VeryLow,High,VeryHigh,High,Low,Low,Up
Medium,High,Low,0,Low,High,VeryLow,VeryLow,VeryHigh,High,Low,Low,Down
Medium,High,Low,0,Low,High,VeryLow,VeryLow,VeryHigh,High,Low,Low,Down
Medium,High,Low,0,Low,High,VeryLow,Low,VeryHigh,High,Low,Low,Up
VeryLow,High,Low,0,Low,High,VeryLow,Medium,VeryHigh,High,Low,Low,Up
VeryLow,High,Low,0,Low,High,VeryLow,VeryHigh,VeryHigh,High,Low,Low,Down
Medium,High,Low,0,Low,High,VeryLow,Low,VeryHigh,High,Low,Low,Up
Low,High,Low,0,Low,High,VeryLow,VeryHigh,VeryHigh,High,Low,Low,Down
High,High,Low,0,Low,High,VeryLow,Medium,VeryHigh,High,Low,Low,Up
VeryHigh,High,Low,0,Low,High,VeryLow,High,VeryHigh,High,Low,Low,Up
High,High,Low,0,Low,High,VeryLow,Medium,VeryHigh,High,Low,Low,Down
VeryLow,High,Low,0,Low,High,VeryLow,VeryLow,VeryHigh,High,Low,Low,Up
Medium,High,Low,0,Low,VeryHigh,VeryLow,VeryLow,VeryHigh,Medium,Low,Low,Up
VeryHigh,High,Low,0,Low,VeryHigh,VeryLow,VeryLow,VeryHigh,Medium,Low,Low,Down
High,High,Low,0,Low,VeryHigh,VeryLow,Medium,VeryHigh,Medium,Low,Low,Down
Medium,High,Low,0,Low,VeryHigh,VeryLow,VeryLow,VeryHigh,Medium,Low,Low,Up
High,High,Low,0,Low,VeryHigh,VeryLow,Low,VeryHigh,Medium,Low,Low,Down
High,High,Low,0,Low,VeryHigh,VeryLow,Medium,VeryHigh,Medium,Low,Low,Up
VeryLow,High,Low,0,Low,VeryHigh,VeryLow,VeryHigh,VeryHigh,Medium,Low,Low,Up
VeryLow,High,Low,0,Low,VeryHigh,VeryLow,VeryLow,VeryHigh,Medium,Low,Low,Down
Medium,High,Low,0,Low,VeryHigh,VeryLow,VeryHigh,VeryHigh,Medium,Low,Low,Down
Medium,High,Low,0,Low,VeryHigh,VeryLow,VeryLow,VeryHigh,Medium,Low,Low,Down
High,High,Low,0,Low,VeryHigh,VeryLow,High,VeryHigh,Medium,Low,Low,Down
Low,High,Low,0,Low,VeryHigh,VeryLow,Medium,VeryHigh,Medium,Low,Low,Down
Medium,High,Low,0,Low,VeryHigh,VeryLow,Low,VeryHigh,Medium,Low,Low,Up
VeryLow,High,Low,0,Low,VeryHigh,VeryLow,Medium,VeryHigh,Medium,Low,Low,Down
Low,High,Low,0,Low,VeryHigh,VeryLow,High,VeryHigh,Medium,Low,Low,Up
VeryHigh,High,Low,0,Low,VeryHigh,VeryLow,Medium,VeryHigh,Medium,Low,Low,Up
High,High,Low,0,Low,VeryHigh,VeryLow,Low,VeryHigh,Medium,Low,Low,Down
Medium,High,Low,0,Low,VeryHigh,VeryLow,VeryLow,VeryHigh,Medium,Low,Low,Down
High,High,Low,0,Low,VeryHigh,VeryLow,Low,VeryHigh,Medium,Low,Low,Up
VeryHigh,High,Low,0,Low,VeryHigh,VeryLow,VeryLow,VeryHigh,Medium,Low,Low,Up
Low,High,Low,0,Low,VeryHigh,VeryLow,Medium,VeryHigh,Medium,Low,Low,Up
Low,High,Low,0,Low,VeryHigh,VeryLow,Medium,VeryHigh,Medium,Low,Low,Up
VeryHigh,High,Low,0,Low,VeryHigh,VeryLow,Medium,VeryHigh,Medium,Low,Low,Up
VeryHigh,High,Low,0,Low,VeryHigh,VeryLow,Low,VeryHigh,Medium,Low,Low,Up
VeryHigh,High,Low,0,Low,VeryHigh,VeryLow,VeryHigh,VeryHigh,Medium,Low,Low,Up
High,High,Low,0,Low,VeryHigh,VeryLow,Medium,VeryHigh,Medium,Low,Low,Down
High,High,Low,0,Low,VeryHigh,VeryLow,VeryHigh,VeryHigh,Medium,Low,Low,Down
VeryLow,High,Low,0,Low,VeryHigh,VeryLow,Low,VeryHigh,Medium,Low,Low,Up
Low,High,Low,0,Low,VeryHigh,VeryLow,VeryLow,VeryHigh,Medium,Low,Low,Up
Medium,High,Low,0,Low,VeryHigh,VeryLow,High,VeryHigh,Medium,Low,Low,Down
Medium,High,Low,0,Low,VeryHigh,VeryLow,High,VeryHigh,Medium,Low,Low,Up
High,Low,Low,0,Low,VeryHigh,Low,High,VeryHigh,VeryHigh,Low,Low,Up
High,Low,Low,0,Low,VeryHigh,Low,High,VeryHigh,VeryHigh,Low,Low,Down
High,Low,Low,0,Low,VeryHigh,Low,Medium,VeryHigh,VeryHigh,Low,Low,Down
VeryLow,Low,Low,0,Low,VeryHigh,Low,VeryLow,VeryHigh,VeryHigh,Low,Low,Up
Low,Low,Low,0,Low,VeryHigh,Low,VeryLow,VeryHigh,VeryHigh,Low,Low,Down
Low,Low,Low,0,Low,VeryHigh,Low,Medium,VeryHigh,VeryHigh,Low,Low,Up
High,Low,Low,0,Low,VeryHigh,Low,VeryHigh,VeryHigh,VeryHigh,Low,Low,Up
High,Low,Low,0,Low,VeryHigh,Low,Medium,VeryHigh,VeryHigh,Low,Low,Up
VeryHigh,Low,Low,0,Low,VeryHigh,Low,VeryLow,VeryHigh,VeryHigh,Low,Low,Up
High,Low,Low,0,Low,VeryHigh,Low,Medium,VeryHigh,VeryHigh,Low,Low,Up
Low,Low,Low,0,Low,VeryHigh,Low,High,VeryHigh,VeryHigh,Low,Low,Down
VeryLow,Low,Low,0,Low,VeryHigh,Low,Medium,VeryHigh,VeryHigh,Low,Low,Down
Medium,Low,Low,0,Low,VeryHigh,Low,VeryLow,VeryHigh,VeryHigh,Low,Low,Down
High,Low,Low,0,Low,VeryHigh,Low,VeryLow,VeryHigh,VeryHigh,Low,Low,Down
VeryHigh,Low,Low,0,Low,VeryHigh,Low,VeryLow,VeryHigh,VeryHigh,Low,Low,Up
VeryHigh,Low,Low,0,Low,VeryHigh,Low,High,VeryHigh,VeryHigh,Low,Low,Down
High,Low,Low,0,Low,VeryHigh,Low,VeryHigh,VeryHigh,VeryHigh,Low,Low,Up
VeryLow,Low,Low,0,Low,VeryHigh,Low,VeryHigh,VeryHigh,VeryHigh,Low,Low,Down
VeryLow,Low,Low,0,Low,VeryHigh,Low,Medium,VeryHigh,VeryHigh,Low,Low,Up
High,Low,Low,0,Low,VeryHigh,Low,VeryHigh,VeryHigh,VeryHigh,Low,Low,Up
VeryHigh,Low,Low,0,Low,VeryHigh,Low,VeryHigh,VeryHigh,VeryHigh,Low,Low,Down
High,Low,Low,0,Low,VeryHigh,Low,VeryLow,VeryHigh,VeryHigh,Low,Low,Up
Low,Low,Low,0,Low,VeryHigh,Low,Low,VeryHigh,VeryHigh,Low,Low,Down
High,Low,Low,0,Low,VeryHigh,Low,High,VeryHigh,VeryHigh,Low,Low,Up
VeryLow,Low,Low,0,Low,VeryHigh,Low,Medium,VeryHigh,VeryHigh,Low,Low,Up
Low,Low,Low,0,Low,VeryHigh,Low,Medium,VeryHigh,VeryHigh,Low,Low,Down
High,Low,Low,0,Low,VeryHigh,Low,Low,VeryHigh,VeryHigh,Low,Low,Down
VeryHigh,Low,Low,0,Low,VeryHigh,Low,High,VeryHigh,VeryHigh,Low,Low,Up
High,Low,Low,0,Low,VeryHigh,Low,High,VeryHigh,VeryHigh,Low,Low,Up
Low,Low,Low,0,Low,VeryHigh,Low,High,VeryHigh,VeryHigh,Low,Low,Down
High,Medium,Low,0,Low,VeryHigh,Medium,High,VeryHigh,Medium,Low,Low,Up
Low,Medium,Low,0,Low,VeryHigh,Medium,Medium,VeryHigh,Medium,Low,Low,Up
Low,Medium,Low,0,Low,VeryHigh,Medium,VeryLow,VeryHigh,Medium,Low,Low,Up
VeryHigh,Medium,Low,0,Low,VeryHigh,Medium,Low,VeryHigh,Medium,Low,Low,Up
VeryHigh,Medium,Low,0,Low,VeryHigh,Medium,Low,VeryHigh,Medium,Low,Low,Up
High,Medium,Low,0,Low,VeryHigh,Medium,Low,VeryHigh,Medium,Low,Low,Down
High,Medium,Low,0,Low,VeryHigh,Medium,Medium,VeryHigh,Medium,Low,Low,Down
High,Medium,Low,0,Low,VeryHigh,Medium,High,VeryHigh,Medium,Low,Low,Up
Low,Medium,Low,0,Low,VeryHigh,Medium,VeryHigh,VeryHigh,Medium,Low,Low,Down
VeryLow,Medium,Low,0,Low,VeryHigh,Medium,VeryHigh,VeryHigh,Medium,Low,Low,Up
VeryHigh,Medium,Low,0,Low,VeryHigh,Medium,VeryLow,VeryHigh,Medium,Low,Low,Down
High,Medium,Low,0,Low,VeryHigh,Medium,VeryLow,VeryHigh,Medium,Low,Low,Up
High,Medium,Low,0,Low,VeryHigh,Medium,VeryHigh,VeryHigh,Medium,Low,Low,Up
High,Medium,Low,0,Low,VeryHigh,Medium,VeryHigh,VeryHigh,Medium,Low,Low,Up
Medium,Medium,Low,0,Low,VeryHigh,Medium,VeryLow,VeryHigh,Medium,Low,Low,Down
Low,Medium,Low,0,Low,VeryHigh,Medium,High,VeryHigh,Medium,Low,Low,Up
Low,Medium,Low,0,Low,VeryHigh,Medium,Low,VeryHigh,Medium,Low,Low,Down
High,Medium,Low,0,Low,VeryHigh,Medium,Low,VeryHigh,Medium,Low,Low,Up
High,Medium,Low,0,Low,VeryHigh,Medium,High,VeryHigh,Medium,Low,Low,Down
VeryHigh,Medium,Low,0,Low,VeryHigh,Medium,High,VeryHigh,Medium,Low,Low,Up
High,Medium,Low,0,Low,VeryHigh,Medium,High,VeryHigh,Medium,Low,Low,Up
Medium,Medium,Low,0,Low,VeryHigh,Medium,High,VeryHigh,Medium,Low,Low,Up
VeryLow,Medium,Low,0,Low,VeryHigh,Medium,High,VeryHigh,Medium,Low,Low,Down
VeryLow,Medium,Low,0,Low,VeryHigh,Medium,VeryHigh,VeryHigh,Medium,Low,Low,Down
VeryLow,Medium,Low,0,Low,VeryHigh,Medium,High,VeryHigh,Medium,Low,Low,Up
High,Medium,Low,0,Low,VeryHigh,Medium,VeryHigh,VeryHigh,Medium,Low,Low,Down
High,Medium,Low,0,Low,VeryHigh,Medium,Medium,VeryHigh,Medium,Low,Low,Up
High,Medium,Low,0,Low,VeryHigh,Medium,VeryHigh,VeryHigh,Medium,Low,Low,Down
High,Medium,Low,0,Low,VeryHigh,Medium,VeryLow,VeryHigh,Medium,Low,Low,Down
Medium,Medium,Low,0,Low,VeryHigh,Medium,VeryLow,VeryHigh,Medium,Low,Low,Up
Medium,Medium,Low,0,Low,VeryHigh,Medium,VeryLow,VeryHigh,Medium,Low,Low,Up
Low,Medium,Low,0,Low,VeryHigh,Medium,VeryHigh,High,High,Low,Low,Up
VeryHigh,Medium,Low,0,Low,VeryHigh,Medium,Medium,High,High,Low,Low,Up
VeryHigh,Medium,Low,0,Low,VeryHigh,Medium,High,High,High,Low,Low,Down
VeryHigh,Medium,Low,0,Low,VeryHigh,Medium,Low,High,High,Low,Low,Up
VeryHigh,Medium,Low,0,Low,VeryHigh,Medium,Medium,High,High,Low,Low,Down
Low,Medium,Low,0,Low,VeryHigh,Medium,High,High,High,Low,Low,Down
Low,Medium,Low,0,Low,VeryHigh,Medium,VeryLow,High,High,Low,Low,Down
VeryHigh,Medium,Low,0,Low,VeryHigh,Medium,Medium,High,High,Low,Low,Up
VeryHigh,Medium,Low,0,Low,VeryHigh,Medium,High,High,High,Low,Low,Down
VeryHigh,Medium,Low,0,Low,VeryHigh,Medium,VeryLow,High,High,Low,Low,Up
VeryHigh,Medium,Low,0,Low,VeryHigh,Medium,Medium,High,High,Low,Low,Down
VeryHigh,Medium,Low,0,Low,VeryHigh,Medium,High,High,High,Low,Low,Down
Medium,Medium,Low,0,Low,VeryHigh,Medium,VeryHigh,High,High,Low,Low,Up
Low,Medium,Low,0,Low,VeryHigh,Medium,High,High,High,Low,Low,Down
Medium,Medium,Low,0,Low,VeryHigh,Medium,Medium,High,High,Low,Low,Up
VeryHigh,Medium,Low,0,Low,VeryHigh,Medium,VeryHigh,High,High,Low,Low,Up
High,Medium,Low,0,Low,VeryHigh,Medium,VeryLow,High,High,Low,Low,Down
VeryHigh,Medium,Low,0,Low,VeryHigh,Medium,Low,High,High,Low,Low,Down
VeryHigh,Medium,Low,0,Low,VeryHigh,Medium,Low,High,High,Low,Low,Up
VeryLow,Medium,Low,0,Low,VeryHigh,Medium,Low,High,High,Low,Low,Up
VeryLow,Medium,Low,0,Low,VeryHigh,Medium,Medium,High,High,Low,Low,Down
VeryHigh,Medium,Low,0,Low,VeryHigh,Medium,VeryHigh,High,High,Low,Low,Down
VeryHigh,Medium,Low,0,Low,VeryHigh,Medium,VeryLow,High,High,Low,Low,Up
High,Medium,Low,0,Low,VeryHigh,Medium,Low,High,High,Low,Low,Up
High,Medium,Low,0,Low,VeryHigh,Medium,Medium,High,High,Low,Low,Down
VeryHigh,Medium,Low,0,Low,VeryHigh,Medium,Low,High,High,Low,Low,Up
VeryLow,Medium,Low,0,Low,VeryHigh,Medium,Medium,High,High,Low,Low,Up
VeryLow,Medium,Low,0,Low,VeryHigh,Medium,Medium,High,High,Low,Low,Down
High,Medium,Low,0,Low,VeryHigh,Medium,Low,High,High,Low,Low,Up
High,Medium,Low,0,Low,VeryHigh,Medium,Medium,High,High,Low,Low,Down
High,Medium,Low,0,Low,VeryHigh,Medium,High,High,High,Low,Low,Down
Medium,Medium,Low,0,Low,VeryHigh,Low,High,High,VeryHigh,Low,Low,Up
High,Medium,Low,0,Low,VeryHigh,Low,Medium,High,VeryHigh,Low,Low,Up
VeryLow,Medium,Low,0,Low,VeryHigh,Low,Medium,High,VeryHigh,Low,Low,Down
VeryLow,Medium,Low,0,Low,VeryHigh,Low,High,High,VeryHigh,Low,Low,Down
Medium,Medium,Low,0,Low,VeryHigh,Low,Medium,High,VeryHigh,Low,Low,Up
Low,Medium,Low,0,Low,VeryHigh,Low,Low,High,VeryHigh,Low,Low,Up
High,Medium,Low,0,Low,VeryHigh,Low,VeryHigh,High,VeryHigh,Low,Low,Up
VeryHigh,Medium,Low,0,Low,VeryHigh,Low,Low,High,VeryHigh,Low,Low,Up
VeryHigh,Medium,Low,0,Low,VeryHigh,Low,Medium,High,VeryHigh,Low,Low,Up
Low,Medium,Low,0,Low,VeryHigh,Low,VeryHigh,High,VeryHigh,Low,Low,Up
Low,Medium,Low,0,Low,VeryHigh,Low,Medium,High,VeryHigh,Low,Low,Up
VeryHigh,Medium,Low,0,Low,VeryHigh,Low,VeryLow,High,VeryHigh,Low,Low,Up
VeryHigh,Medium,Low,0,Low,VeryHigh,Low,Medium,High,VeryHigh,Low,Low,Down
VeryHigh,Medium,Low,0,Low,VeryHigh,Low,High,High,VeryHigh,Low,Low,Up
VeryHigh,Medium,Low,0,Low,VeryHigh,Low,VeryHigh,High,VeryHigh,Low,Low,Up
High,Medium,Low,0,Low,VeryHigh,Low,VeryHigh,High,VeryHigh,Low,Low,Up
Low,Medium,Low,0,Low,VeryHigh,Low,VeryHigh,High,VeryHigh,Low,Low,Down
VeryLow,Medium,Low,0,Low,VeryHigh,Low,VeryHigh,High,VeryHigh,Low,Low,Up
Low,Medium,Low,0,Low,VeryHigh,Low,VeryHigh,High,VeryHigh,Low,Low,Down
High,Medium,Low,0,Low,VeryHigh,Low,VeryHigh,High,VeryHigh,Low,Low,Up
High,Medium,Low,0,Low,VeryHigh,Low,Medium,High,VeryHigh,Low,Low,Down
High,Medium,Low,0,Low,VeryHigh,Low,VeryLow,High,VeryHigh,Low,Low,Down
Medium,Medium,Low,0,Low,VeryHigh,Low,Medium,High,VeryHigh,Low,Low,Down
VeryLow,Medium,Low,0,Low,VeryHigh,Low,VeryHigh,High,VeryHigh,Low,Low,Up
VeryLow,Medium,Low,0,Low,VeryHigh,Low,Medium,High,VeryHigh,Low,Low,Up
VeryHigh,Medium,Low,0,Low,VeryHigh,Low,VeryHigh,High,VeryHigh,Low,Low,Up
VeryHigh,Medium,Low,0,Low,VeryHigh,Low,High,High,VeryHigh,Low,Low,Up
VeryHigh,Medium,Low,0,Low,VeryHigh,Low,VeryHigh,High,VeryHigh,Low,Low,Up
VeryHigh,Medium,Low,0,Low,VeryHigh,Low,High,High,VeryHigh,Low,Low,Down
VeryHigh,Medium,Medium,0,Medium,VeryHigh,Low,High,VeryHigh,VeryHigh,Medium,Medium,Up
Low,Medium,Medium,0,Medium,VeryHigh,Low,Low,VeryHigh,VeryHigh,Medium,Medium,Down
Low,Medium,Medium,0,Medium,VeryHigh,Low,Medium,VeryHigh,VeryHigh,Medium,Medium,Up
VeryHigh,Medium,Medium,0,Medium,VeryHigh,Low,VeryHigh,VeryHigh,VeryHigh,Medium,Medium,Up
VeryHigh,Medium,Medium,0,Medium,VeryHigh,Low,Medium,VeryHigh,VeryHigh,Medium,Medium,Down
VeryHigh,Medium,Medium,0,Medium,VeryHigh,Low,Low,VeryHigh,VeryHigh,Medium,Medium,Up
VeryHigh,Medium,Medium,0,Medium,VeryHigh,Low,VeryHigh,VeryHigh,VeryHigh,Medium,Medium,Up
VeryHigh,Medium,Medium,0,Medium,VeryHigh,Low,VeryHigh,VeryHigh,VeryHigh,Medium,Medium,Up
Medium,Medium,Medium,0,Medium,VeryHigh,Low,Medium,VeryHigh,VeryHigh,Medium,Medium,Up
Medium,Medium,Medium,0,Medium,VeryHigh,Low,Low,VeryHigh,VeryHigh,Medium,Medium,Up
VeryHigh,Medium,Medium,0,Medium,VeryHigh,Low,VeryHigh,VeryHigh,VeryHigh,Medium,Medium,Up
VeryHigh,Medium,Medium,0,Medium,VeryHigh,Low,Low,VeryHigh,VeryHigh,Medium,Medium,Down
VeryHigh,Medium,Medium,0,Medium,VeryHigh,Low,Medium,VeryHigh,VeryHigh,Medium,Medium,Up
VeryHigh,Medium,Medium,0,Medium,VeryHigh,Low,Low,VeryHigh,VeryHigh,Medium,Medium,Down
VeryHigh,Medium,Medium,0,Medium,VeryHigh,Low,Medium,VeryHigh,VeryHigh,Medium,Medium,Down
High,Medium,Medium,0,Medium,VeryHigh,Low,Low,VeryHigh,VeryHigh,Medium,Medium,Down
High,Medium,Medium,0,Medium,VeryHigh,Low,Low,VeryHigh,VeryHigh,Medium,Medium,Up
VeryHigh,Medium,Medium,0,Medium,VeryHigh,Low,VeryLow,VeryHigh,VeryHigh,Medium,Medium,Down
VeryHigh,Medium,Medium,0,Medium,VeryHigh,Low,High,VeryHigh,VeryHigh,Medium,Medium,Down
VeryHigh,Medium,Medium,0,Medium,VeryHigh,Low,High,VeryHigh,VeryHigh,Medium,Medium,Up
VeryHigh,Medium,Medium,0,Medium,VeryHigh,Low,Low,VeryHigh,VeryHigh,Medium,Medium,Down
VeryHigh,Medium,Medium,0,Medium,VeryHigh,Low,Low,VeryHigh,VeryHigh,Medium,Medium,Down
Low,Medium,Medium,0,Medium,VeryHigh,Low,Low,VeryHigh,VeryHigh,Medium,Medium,Up
Low,Medium,Medium,0,Medium,VeryHigh,Low,Low,VeryHigh,VeryHigh,Medium,Medium,Up
VeryHigh,Medium,Medium,0,Medium,VeryHigh,Low,High,VeryHigh,VeryHigh,Medium,Medium,Up
High,Medium,Medium,0,Medium,VeryHigh,Low,VeryLow,VeryHigh,VeryHigh,Medium,Medium,Up
VeryHigh,Medium,Medium,0,Medium,VeryHigh,Low,VeryLow,VeryHigh,VeryHigh,Medium,Medium,Down
High,Medium,Medium,0,Medium,VeryHigh,Low,High,VeryHigh,VeryHigh,Medium,Medium,Up
Low,Medium,Medium,0,Medium,VeryHigh,Low,Low,VeryHigh,VeryHigh,Medium,Medium,Down
VeryLow,Medium,Medium,0,Medium,VeryHigh,Low,Low,VeryHigh,VeryHigh,Medium,Medium,Down
VeryLow,Medium,Medium,0,Medium,VeryHigh,Low,VeryHigh,VeryHigh,VeryHigh,Medium,Medium,Up
High,High,Medium,0,Medium,VeryHigh,Low,High,High,VeryHigh,Medium,Medium,Down
VeryHigh,High,Medium,0,Medium,VeryHigh,Low,VeryHigh,High,VeryHigh,Medium,Medium,Down
High,High,Medium,0,Medium,VeryHigh,Low,High,High,VeryHigh,Medium,Medium,Up
VeryHigh,High,Medium,0,Medium,VeryHigh,Low,VeryHigh,High,VeryHigh,Medium,Medium,Up
High,High,Medium,0,Medium,VeryHigh,Low,Medium,High,VeryHigh,Medium,Medium,Down
VeryLow,High,Medium,0,Medium,VeryHigh,Low,High,High,VeryHigh,Medium,Medium,Up
Low,High,Medium,0,Medium,VeryHigh,Low,VeryHigh,High,VeryHigh,Medium,Medium,Up
High,High,Medium,0,Medium,VeryHigh,Low,VeryLow,High,VeryHigh,Medium,Medium,Up
High,High,Medium,0,Medium,VeryHigh,Low,Low,High,VeryHigh,Medium,Medium,Down
High,High,Medium,0,Medium,VeryHigh,Low,VeryHigh,High,VeryHigh,Medium,Medium,Up
Medium,High,Medium,0,Medium,VeryHigh,Low,High,High,VeryHigh,Medium,Medium,Down
VeryHigh,High,Medium,0,Medium,VeryHigh,Low,VeryHigh,High,VeryHigh,Medium,Medium,Down
VeryHigh,High,Medium,0,Medium,VeryHigh,Low,Low,High,VeryHigh,Medium,Medium,Down
VeryHigh,High,Medium,0,Medium,VeryHigh,Low,Medium,High,VeryHigh,Medium,Medium,Up
VeryHigh,High,Medium,0,Medium,VeryHigh,Low,VeryLow,High,VeryHigh,Medium,Medium,Down
High,High,Medium,0,Medium,VeryHigh,Low,Low,High,VeryHigh,Medium,Medium,Up
VeryHigh,High,Medium,0,Medium,VeryHigh,Low,Medium,High,VeryHigh,Medium,Medium,Down
High,High,Medium,0,Medium,VeryHigh,Low,VeryHigh,High,VeryHigh,Medium,Medium,Up
VeryHigh,High,Medium,0,Medium,VeryHigh,Low,VeryLow,High,VeryHigh,Medium,Medium,Up
Low,High,Medium,0,Medium,VeryHigh,Low,Medium,High,VeryHigh,Medium,Medium,Up
VeryLow,High,Medium,0,Medium,VeryHigh,Low,High,High,VeryHigh,Medium,Medium,Down
Medium,High,Medium,0,Medium,VeryHigh,Low,Medium,High,VeryHigh,Medium,Medium,Up
Medium,High,Medium,0,Medium,VeryHigh,Low,High,High,VeryHigh,Medium,Medium,Down
High,High,Medium,0,Medium,VeryHigh,Low,High,High,VeryHigh,Medium,Medium,Down
High,High,Medium,0,Medium,VeryHigh,Low,Low,High,VeryHigh,Medium,Medium,Up
Medium,High,Medium,0,Medium,VeryHigh,Low,VeryLow,High,VeryHigh,Medium,Medium,Down
Low,High,Medium,0,Medium,VeryHigh,Low,Medium,High,VeryHigh,Medium,Medium,Down
VeryLow,High,Medium,0,Medium,VeryHigh,Low,Low,High,VeryHigh,Medium,Medium,Down
Medium,High,Medium,0,Medium,VeryHigh,Low,High,High,VeryHigh,Medium,Medium,Up
VeryHigh,High,Medium,0,Medium,VeryHigh,Low,Low,High,VeryHigh,Medium,Medium,Down
VeryHigh,High,Medium,0,Medium,High,Medium,VeryLow,High,VeryHigh,Medium,Medium,Down
High,High,Medium,0,Medium,High,Medium,VeryLow,High,VeryHigh,Medium,Medium,Up
High,High,Medium,0,Medium,High,Medium,Low,High,VeryHigh,Medium,Medium,Up
Low,High,Medium,0,Medium,High,Medium,Medium,High,VeryHigh,Medium,Medium,Up
VeryLow,High,Medium,0,Medium,High,Medium,VeryLow,High,VeryHigh,Medium,Medium,Up
Medium,High,Medium,0,Medium,High,Medium,Low,High,VeryHigh,Medium,Medium,Down
Medium,High,Medium,0,Medium,High,Medium,Low,High,VeryHigh,Medium,Medium,Down
Low,High,Medium,0,Medium,High,Medium,VeryLow,High,VeryHigh,Medium,Medium,Down
Low,High,Medium,0,Medium,High,Medium,Medium,High,VeryHigh,Medium,Medium,Up
Medium,High,Medium,0,Medium,High,Medium,VeryLow,High,VeryHigh,Medium,Medium,Down
VeryLow,High,Medium,0,Medium,High,Medium,Medium,High,VeryHigh,Medium,Medium,Up
VeryLow,High,Medium,0,Medium,High,Medium,High,High,VeryHigh,Medium,Medium,Up
Medium,High,Medium,0,Medium,High,Medium,High,High,VeryHigh,Medium,Medium,Up
High,High,Medium,0,Medium,High,Medium,VeryHigh,High,VeryHigh,Medium,Medium,Down
VeryHigh,High,Medium,0,Medium,High,Medium,VeryHigh,High,VeryHigh,Medium,Medium,Up
Medium,High,Medium,0,Medium,High,Medium,High,High,VeryHigh,Medium,Medium,Down
Medium,High,Medium,0,Medium,High,Medium,Low,High,VeryHigh,Medium,Medium,Up
VeryLow,High,Medium,0,Medium,High,Medium,VeryLow,High,VeryHigh,Medium,Medium,Down
VeryLow,High,Medium,0,Medium,High,Medium,VeryLow,High,VeryHigh,Medium,Medium,Down
VeryHigh,High,Medium,0,Medium,High,Medium,VeryHigh,High,VeryHigh,Medium,Medium,Up
High,High,Medium,0,Medium,High,Medium,Low,High,VeryHigh,Medium,Medium,Down
Medium,High,Medium,0,Medium,High,Medium,Medium,High,VeryHigh,Medium,Medium,Down
High,High,Medium,0,Medium,High,Medium,High,High,VeryHigh,Medium,Medium,Down
Medium,High,Medium,0,Medium,High,Medium,High,High,VeryHigh,Medium,Medium,Up
VeryLow,High,Medium,0,Medium,High,Medium,Low,High,VeryHigh,Medium,Medium,Up
VeryLow,High,Medium,0,Medium,High,Medium,VeryLow,High,VeryHigh,Medium,Medium,Down
Low,High,Medium,0,Medium,High,Medium,VeryHigh,High,VeryHigh,Medium,Medium,Up
Medium,High,Medium,0,Medium,High,Medium,VeryHigh,High,VeryHigh,Medium,Medium,Down
Medium,High,Medium,0,Medium,High,Medium,Medium,High,VeryHigh,Medium,Medium,Down
Medium,High,Medium,0,Medium,High,Medium,High,High,VeryHigh,Medium,Medium,Up
Medium,High,Medium,0,Medium,High,Medium,Medium,High,VeryHigh,Medium,Medium,Down
VeryLow,High,Medium,0,Medium,High,Medium,Low,High,VeryHigh,Medium,Medium,Up
VeryLow,High,Medium,0,Medium,High,Medium,Low,High,VeryHigh,Medium,Medium,Up
Medium,High,Medium,0,Medium,High,Medium,High,High,VeryHigh,Medium,Medium,Up
VeryHigh,High,Medium,0,Medium,High,Medium,Medium,High,VeryHigh,Medium,Medium,Up
Medium,High,Medium,0,Medium,High,Medium,VeryHigh,High,VeryHigh,Medium,Medium,Up
Low,High,Medium,0,Medium,High,Medium,Low,High,VeryHigh,Medium,Medium,Down
High,High,Medium,0,Medium,High,Medium,High,High,VeryHigh,Medium,Medium,Down
VeryLow,High,Medium,0,Medium,High,Medium,Low,High,VeryHigh,Medium,Medium,Down
VeryLow,High,Medium,0,Medium,High,Medium,Low,High,VeryHigh,Medium,Medium,Up
Low,High,Medium,0,Medium,High,Medium,VeryHigh,High,VeryHigh,Medium,Medium,Down
High,High,Medium,0,Medium,High,Medium,Medium,High,VeryHigh,Medium,Medium,Down
High,High,Medium,0,Medium,High,Medium,VeryHigh,High,VeryHigh,Medium,Medium,Up
Medium,High,Medium,0,Medium,High,Medium,High,High,VeryHigh,Medium,Medium,Down
Medium,High,Medium,0,Medium,High,Medium,VeryHigh,High,VeryHigh,Medium,Medium,Down
VeryLow,High,Medium,0,Medium,High,Medium,Medium,High,VeryHigh,Medium,Medium,Up
VeryLow,High,Medium,0,Medium,High,Medium,VeryLow,High,VeryHigh,Medium,Medium,Up
High,High,Medium,0,Medium,High,Medium,VeryLow,High,VeryHigh,Medium,Medium,Down
High,High,Medium,0,Medium,High,Medium,Medium,High,VeryHigh,Medium,Medium,Down
Low,High,Medium,0,Medium,High,Medium,Low,High,VeryHigh,Medium,Medium,Down
Medium,High,Medium,0,Medium,High,Medium,Low,High,VeryHigh,Medium,Medium,Down
Medium,High,Medium,0,Medium,High,Medium,High,High,VeryHigh,Medium,Medium,Down
VeryLow,High,Medium,0,Medium,High,Medium,Low,High,VeryHigh,Medium,Medium,Up
VeryLow,High,Medium,0,Medium,High,Medium,Low,High,VeryHigh,Medium,Medium,Down
VeryHigh,High,Medium,0,Medium,High,Medium,Medium,High,VeryHigh,Medium,Medium,Down
High,High,Medium,0,Medium,High,Medium,VeryLow,High,VeryHigh,Medium,Medium,Up
Medium,High,Medium,0,Medium,High,Medium,Low,High,VeryHigh,Medium,Medium,Down
Medium,High,Medium,0,Medium,High,Medium,Medium,High,VeryHigh,Medium,Medium,Up
Medium,High,Medium,0,Medium,High,Medium,Medium,High,VeryHigh,Medium,Medium,Down
VeryLow,High,Medium,0,Medium,High,Medium,Medium,High,VeryHigh,Medium,Medium,Up
VeryLow,High,Medium,0,Medium,High,Medium,VeryLow,High,VeryHigh,Medium,Medium,Up
High,Medium,Medium,0,Medium,High,High,VeryHigh,High,VeryHigh,Medium,Medium,Up
Medium,Medium,Medium,0,Medium,High,High,VeryLow,High,VeryHigh,Medium,Medium,Down
Medium,Medium,Medium,0,Medium,High,High,VeryHigh,High,VeryHigh,Medium,Medium,Down
VeryHigh,Medium,Medium,0,Medium,High,High,Low,High,VeryHigh,Medium,Medium,Down
VeryHigh,Medium,Medium,0,Medium,High,High,VeryLow,High,VeryHigh,Medium,Medium,Down
Low,Medium,Medium,0,Medium,High,High,VeryLow,High,VeryHigh,Medium,Medium,Up
Low,Medium,Medium,0,Medium,High,High,Medium,High,VeryHigh,Medium,Medium,Down
VeryHigh,Medium,Medium,0,Medium,High,High,VeryLow,High,VeryHigh,Medium,Medium,Up
Medium,Medium,Medium,0,Medium,High,High,Low,High,VeryHigh,Medium,Medium,Up
Medium,Medium,Medium,0,Medium,High,High,VeryHigh,High,VeryHigh,Medium,Medium,Down
Medium,Medium,Medium,0,Medium,High,High,Medium,High,VeryHigh,Medium,Medium,Down
Medium,Medium,Medium,0,Medium,High,High,VeryLow,High,VeryHigh,Medium,Medium,Up
VeryLow,Medium,Medium,0,Medium,High,High,Low,High,VeryHigh,Medium,Medium,Up
Low,Medium,Medium,0,Medium,High,High,High,High,VeryHigh,Medium,Medium,Up
VeryHigh,Medium,Medium,0,Medium,High,High,Low,High,VeryHigh,Medium,Medium,Up
High,Medium,Medium,0,Medium,High,High,VeryHigh,High,VeryHigh,Medium,Medium,Up
Medium,Medium,Medium,0,Medium,High,High,VeryHigh,High,VeryHigh,Medium,Medium,Down
Low,Medium,Medium,0,Medium,High,High,High,High,VeryHigh,Medium,Medium,Down
High,Medium,Medium,0,Medium,High,High,VeryLow,High,VeryHigh,Medium,Medium,Up
VeryLow,Medium,Medium,0,Medium,High,High,Low,High,VeryHigh,Medium,Medium,Up
Low,Medium,Medium,0,Medium,High,High,Medium,High,VeryHigh,Medium,Medium,Up
Medium,Medium,Medium,0,Medium,High,High,VeryLow,High,VeryHigh,Medium,Medium,Down
Medium,Medium,Medium,0,Medium,High,High,VeryHigh,High,VeryHigh,Medium,Medium,Down
Low,Medium,Medium,0,Medium,High,High,High,High,VeryHigh,Medium,Medium,Down
Medium,Medium,Medium,0,Medium,High,High,Medium,High,VeryHigh,Medium,Medium,Up
Medium,Medium,Medium,0,Medium,High,High,VeryHigh,High,VeryHigh,Medium,Medium,Up
Medium,Medium,Medium,0,Medium,High,High,VeryHigh,High,VeryHigh,Medium,Medium,Down
VeryLow,Medium,Medium,0,Medium,High,High,High,High,VeryHigh,Medium,Medium,Up
High,Medium,Medium,0,Medium,High,High,High,High,VeryHigh,Medium,Medium,Down
Medium,Medium,Medium,0,Medium,High,High,High,High,VeryHigh,Medium,Medium,Down
Medium,Medium,Medium,0,Medium,High,High,Low,High,VeryHigh,Medium,Medium,Down
High,Medium,VeryHigh,0,VeryHigh,High,Low,VeryLow,Medium,High,Medium,Medium,Up
High,Medium,VeryHigh,0,VeryHigh,High,Low,Low,Medium,High,Medium,Medium,Down
Low,Medium,VeryHigh,0,VeryHigh,High,Low,High,Medium,High,Medium,Medium,Down
Medium,Medium,VeryHigh,0,VeryHigh,High,Low,VeryHigh,Medium,High,Medium,Medium,Down
VeryHigh,Medium,VeryHigh,0,VeryHigh,High,Low,VeryLow,Medium,High,Medium,Medium,Down
High,Medium,VeryHigh,0,VeryHigh,High,Low,VeryLow,Medium,High,Medium,Medium,Up
High,Medium,VeryHigh,0,VeryHigh,High,Low,VeryLow,Medium,High,Medium,Medium,Down
VeryHigh,Medium,VeryHigh,0,VeryHigh,High,Low,Medium,Medium,High,Medium,Medium,Up
Medium,Medium,VeryHigh,0,VeryHigh,High,Low,High,Medium,High,Medium,Medium,Down
VeryLow,Medium,VeryHigh,0,VeryHigh,High,Low,VeryLow,Medium,High,Medium,Medium,Up
Low,Medium,VeryHigh,0,VeryHigh,High,Low,Medium,Medium,High,Medium,Medium,Down
Medium,Medium,VeryHigh,0,VeryHigh,High,Low,Medium,Medium,High,Medium,Medium,Up
Medium,Medium,VeryHigh,0,VeryHigh,High,Low,Medium,Medium,High,Medium,Medium,Up
High,Medium,VeryHigh,0,VeryHigh,High,Low,VeryLow,Medium,High,Medium,Medium,Down
High,Medium,VeryHigh,0,VeryHigh,High,Low,VeryHigh,Medium,High,Medium,Medium,Down
Medium,Medium,VeryHigh,0,VeryHigh,High,Low,Low,Medium,High,Medium,Medium,Up
VeryLow,Medium,VeryHigh,0,VeryHigh,High,Low,VeryHigh,Medium,High,Medium,Medium,Up
VeryLow,Medium,VeryHigh,0,VeryHigh,High,Low,Low,Medium,High,Medium,Medium,Down
Low,Medium,VeryHigh,0,VeryHigh,High,Low,Medium,Medium,High,Medium,Medium,Up
Medium,Medium,VeryHigh,0,VeryHigh,High,Low,High,Medium,High,Medium,Medium,Down
High,Medium,VeryHigh,0,VeryHigh,High,Low,Low,Medium,High,Medium,Medium,Up
Medium,Medium,VeryHigh,0,VeryHigh,High,Low,VeryHigh,Medium,High,Medium,Medium,Down
VeryHigh,Medium,VeryHigh,0,VeryHigh,High,Low,High,Medium,High,Medium,Medium,Up
Low,Medium,VeryHigh,0,VeryHigh,High,Low,VeryHigh,Medium,High,Medium,Medium,Up
VeryLow,Medium,VeryHigh,0,VeryHigh,High,Low,VeryLow,Medium,High,Medium,Medium,Up
Medium,Medium,VeryHigh,0,VeryHigh,High,Low,VeryHigh,Medium,High,Medium,Medium,Down
High,Medium,VeryHigh,0,VeryHigh,High,Low,Low,Medium,High,Medium,Medium,Down
Medium,Medium,VeryHigh,0,VeryHigh,High,Low,Low,Medium,High,Medium,Medium,Down
Medium,Medium,VeryHigh,0,VeryHigh,High,Low,Medium,Medium,High,Medium,Medium,Up
Medium,Medium,VeryHigh,0,VeryHigh,High,Low,Low,Medium,High,Medium,Medium,Down
VeryLow,Medium,VeryHigh,0,VeryHigh,High,Low,Low,Medium,High,Medium,Medium,Down
VeryLow,Medium,VeryHigh,0,VeryHigh,High,Low,Low,Medium,High,Medium,Medium,Down
VeryLow,Medium,VeryHigh,0,VeryHigh,High,Low,VeryLow,Medium,High,Medium,Medium,Up
Low,Medium,VeryHigh,0,VeryHigh,High,Low,Medium,Medium,High,Medium,Medium,Down
High,Medium,VeryHigh,0,VeryHigh,High,Low,VeryLow,Medium,High,Medium,Medium,Up
High,Medium,VeryHigh,0,VeryHigh,High,Low,VeryLow,Medium,High,Medium,Medium,Down
VeryHigh,Medium,VeryHigh,0,VeryHigh,High,Low,Low,Medium,High,Medium,Medium,Down
VeryLow,Medium,VeryHigh,0,VeryHigh,High,Low,Medium,Medium,High,Medium,Medium,Up
VeryLow,Medium,VeryHigh,0,VeryHigh,High,Low,Medium,Medium,High,Medium,Medium,Up
Medium,Medium,VeryHigh,0,VeryHigh,High,Low,Low,Medium,High,Medium,Medium,Up
Low,Medium,VeryHigh,0,VeryHigh,High,Low,Medium,Medium,High,Medium,Medium,Up
Medium,Medium,VeryHigh,0,VeryHigh,High,Low,Low,Medium,High,Medium,Medium,Down
Medium,Medium,VeryHigh,0,VeryHigh,High,Low,Low,Medium,High,Medium,Medium,Up
Medium,Medium,VeryHigh,0,VeryHigh,High,Low,Medium,Medium,High,Medium,Medium,Up
VeryLow,Medium,VeryHigh,0,VeryHigh,High,Low,Medium,Medium,High,Medium,Medium,Down
VeryLow,Medium,VeryHigh,0,VeryHigh,High,Low,High,Medium,High,Medium,Medium,Down
Low,Medium,VeryHigh,0,VeryHigh,High,Low,High,Medium,High,Medium,Medium,Down
Medium,Medium,VeryHigh,0,VeryHigh,High,Low,High,Medium,High,Medium,Medium,Up
Medium,Medium,VeryHigh,0,VeryHigh,High,Low,VeryHigh,Medium,High,Medium,Medium,Up
High,Medium,VeryHigh,0,VeryHigh,High,Low,Medium,Medium,High,Medium,Medium,Up
Medium,Medium,VeryHigh,0,VeryHigh,High,Low,High,Medium,High,Medium,Medium,Up
VeryLow,Medium,VeryHigh,0,VeryHigh,High,Low,High,Medium,High,Medium,Medium,Up
VeryLow,Medium,VeryHigh,0,VeryHigh,High,Low,High,Medium,High,Medium,Medium,Up
Low,Medium,VeryHigh,0,VeryHigh,High,Low,High,Medium,High,Medium,Medium,Down
Medium,Medium,VeryHigh,0,VeryHigh,High,Low,Medium,Medium,High,Medium,Medium,Up
Low,Medium,VeryHigh,0,VeryHigh,High,Low,High,Medium,High,Medium,Medium,Down
High,Medium,VeryHigh,0,VeryHigh,High,Low,High,Medium,High,Medium,Medium,Up
Medium,Medium,VeryHigh,0,VeryHigh,High,Low,VeryHigh,Medium,High,Medium,Medium,Up
VeryLow,Medium,VeryHigh,0,VeryHigh,High,Low,Low,Medium,High,Medium,Medium,Up
VeryLow,Medium,VeryHigh,0,VeryHigh,High,Low,Medium,Medium,High,Medium,Medium,Down
Medium,Medium,VeryHigh,0,VeryHigh,High,Low,Low,Medium,High,Medium,Medium,Down
High,Low,VeryHigh,0,VeryHigh,Medium,Low,Medium,Medium,Medium,High,High,Down
Medium,Low,VeryHigh,0,VeryHigh,Medium,Low,Low,Medium,Medium,High,High,Down
Low,Low,VeryHigh,0,VeryHigh,Medium,Low,Low,Medium,Medium,High,High,Up
Low,Low,VeryHigh,0,VeryHigh,Medium,Low,Low,Medium,Medium,High,High,Up
VeryLow,Low,VeryHigh,0,VeryHigh,Medium,Low,High,Medium,Medium,High,High,Down
VeryLow,Low,VeryHigh,0,VeryHigh,Medium,Low,VeryLow,Medium,Medium,High,High,Up
Medium,Low,VeryHigh,0,VeryHigh,Medium,Low,Low,Medium,Medium,High,High,Down
Low,Low,VeryHigh,0,VeryHigh,Medium,Low,Low,Medium,Medium,High,High,Down
Low,Low,VeryHigh,0,VeryHigh,Medium,Low,VeryLow,Medium,Medium,High,High,Down
Medium,Low,VeryHigh,0,VeryHigh,Medium,Low,Low,Medium,Medium,High,High,Down
Medium,Low,VeryHigh,0,VeryHigh,Medium,Low,VeryLow,Medium,Medium,High,High,Up
VeryLow,Low,VeryHigh,0,VeryHigh,Medium,Low,Low,Medium,Medium,High,High,Up
VeryLow,Low,VeryHigh,0,VeryHigh,Medium,Low,VeryLow,Medium,Medium,High,High,Down
High,Low,VeryHigh,0,VeryHigh,Medium,Low,Low,Medium,Medium,High,High,Up
High,Low,VeryHigh,0,VeryHigh,Medium,Low,Low,Medium,Medium,High,High,Up
High,Low,VeryHigh,0,VeryHigh,Medium,Low,High,Medium,Medium,High,High,Up
Low,Low,VeryHigh,0,VeryHigh,Medium,Low,High,Medium,Medium,High,High,Down
Medium,Low,VeryHigh,0,VeryHigh,Medium,Low,Medium,Medium,Medium,High,High,Up
VeryLow,Low,VeryHigh,0,VeryHigh,Medium,Low,Low,Medium,Medium,High,High,Down
VeryLow,Low,VeryHigh,0,VeryHigh,Medium,Low,Medium,Medium,Medium,High,High,Up
Medium,Low,VeryHigh,0,VeryHigh,Medium,Low,VeryLow,Medium,Medium,High,High,Down
Medium,Low,VeryHigh,0,VeryHigh,Medium,Low,Low,Medium,Medium,High,High,Up
Medium,Low,VeryHigh,0,VeryHigh,Medium,Low,VeryHigh,Medium,Medium,High,High,Down
Medium,Low,VeryHigh,0,VeryHigh,Medium,Low,VeryLow,Medium,Medium,High,High,Up
High,Low,VeryHigh,0,VeryHigh,Medium,Low,Medium,Medium,Medium,High,High,Down
VeryLow,Low,VeryHigh,0,VeryHigh,Medium,Low,High,Medium,Medium,High,High,Up
VeryLow,Low,VeryHigh,0,VeryHigh,Medium,Low,VeryHigh,Medium,Medium,High,High,Up
High,Low,VeryHigh,0,VeryHigh,Medium,Low,VeryHigh,Medium,Medium,High,High,Up
VeryHigh,Low,VeryHigh,0,VeryHigh,Medium,Low,Medium,Medium,Medium,High,High,Up
High,Low,VeryHigh,0,VeryHigh,Medium,Low,VeryHigh,Medium,Medium,High,High,Down
High,Low,VeryHigh,0,VeryHigh,Medium,Low,Medium,Medium,Medium,High,High,Down
High,Low,High,0,High,Medium,High,VeryLow,Low,Medium,High,High,Down
VeryLow,Low,High,0,High,Medium,High,VeryLow,Low,Medium,High,High,Down
Low,Low,High,0,High,Medium,High,VeryLow,Low,Medium,High,High,Down
High,Low,High,0,High,Medium,High,VeryLow,Low,Medium,High,High,Down
High,Low,High,0,High,Medium,High,Low,Low,Medium,High,High,Up
VeryHigh,Low,High,0,High,Medium,High,High,Low,Medium,High,High,Up
VeryHigh,Low,High,0,High,Medium,High,VeryHigh,Low,Medium,High,High,Up
VeryHigh,Low,High,0,High,Medium,High,VeryHigh,Low,Medium,High,High,Up
VeryLow,Low,High,0,High,Medium,High,VeryHigh,Low,Medium,High,High,Up
High,Low,High,0,High,Medium,High,VeryHigh,Low,Medium,High,High,Up
VeryHigh,Low,High,0,High,Medium,High,VeryHigh,Low,Medium,High,High,Up
VeryHigh,Low,High,0,High,Medium,High,High,Low,Medium,High,High,Down
VeryHigh,Low,High,0,High,Medium,High,VeryHigh,Low,Medium,High,High,Up
VeryHigh,Low,High,0,High,Medium,High,VeryHigh,Low,Medium,High,High,Down
VeryHigh,Low,High,0,High,Medium,High,VeryHigh,Low,Medium,High,High,Up
Low,Low,High,0,High,Medium,High,High,Low,Medium,High,High,Down
Low,Low,High,0,High,Medium,High,High,Low,Medium,High,High,Down
High,Low,High,0,High,Medium,High,VeryLow,Low,Medium,High,High,Up
VeryHigh,Low,High,0,High,Medium,High,Medium,Low,Medium,High,High,Up
VeryHigh,Low,High,0,High,Medium,High,Medium,Low,Medium,High,High,Up
VeryHigh,Low,High,0,High,Medium,High,Medium,Low,Medium,High,High,Up
VeryHigh,Low,High,0,High,Medium,High,VeryHigh,Low,Medium,High,High,Up
Medium,Low,High,0,High,Medium,High,VeryHigh,Low,Medium,High,High,Down
Medium,Low,High,0,High,Medium,High,Low,Low,Medium,High,High,Up
VeryHigh,Low,High,0,High,Medium,High,High,Low,Medium,High,High,Down
VeryHigh,Low,High,0,High,Medium,High,Low,Low,Medium,High,High,Down
High,Low,High,0,High,Medium,High,VeryLow,Low,Medium,High,High,Up
Low,Low,High,0,High,Medium,High,Medium,Low,Medium,High,High,Down
High,Low,High,0,High,Medium,High,VeryHigh,Low,Medium,High,High,Up
VeryLow,Low,High,0,High,Medium,High,VeryLow,Low,Medium,High,High,Down
VeryLow,Low,High,0,High,Medium,High,VeryHigh,Low,Low,High,High,Up
High,Low,High,0,High,Medium,High,High,Low,Low,High,High,Down
VeryHigh,Low,High,0,High,Medium,High,High,Low,Low,High,High,Up
High,Low,High,0,High,Medium,High,High,Low,Low,High,High,Up
VeryHigh,Low,High,0,High,Medium,High,High,Low,Low,High,High,Down
High,Low,High,0,High,Medium,High,High,Low,Low,High,High,Up
VeryLow,Low,High,0,High,Medium,High,Low,Low,Low,High,High,Up
VeryLow,Low,High,0,High,Medium,High,VeryLow,Low,Low,High,High,Up
VeryHigh,Low,High,0,High,Medium,High,High,Low,Low,High,High,Down
VeryHigh,Low,High,0,High,Medium,High,VeryHigh,Low,Low,High,High,Down
VeryHigh,Low,High,0,High,Medium,High,VeryHigh,Low,Low,High,High,Up
High,Low,High,0,High,Medium,High,VeryHigh,Low,Low,High,High,Down
High,Low,High,0,High,Medium,High,VeryHigh,Low,Low,High,High,Up
VeryLow,Low,High,0,High,Medium,High,Medium,Low,Low,High,High,Down
Low,Low,High,0,High,Medium,High,VeryHigh,Low,Low,High,High,Up
VeryHigh,Low,High,0,High,Medium,High,High,Low,Low,High,High,Up
Medium,Low,High,0,High,Medium,High,High,Low,Low,High,High,Up
VeryHigh,Low,High,0,High,Medium,High,High,Low,Low,High,High,Down
VeryHigh,Low,High,0,High,Medium,High,VeryHigh,Low,Low,High,High,Down
VeryHigh,Low,High,0,High,Medium,High,Low,Low,Low,High,High,Up
Low,Low,High,0,High,Medium,High,VeryLow,Low,Low,High,High,Down
VeryLow,Low,High,0,High,Medium,High,Medium,Low,Low,High,High,Down
High,Low,High,0,High,Medium,High,VeryHigh,Low,Low,High,High,Down
High,Low,High,0,High,Medium,High,VeryHigh,Low,Low,High,High,Up
Low,Low,High,0,High,Medium,High,High,Low,Low,High,High,Up
Medium,Low,High,0,High,Medium,High,High,Low,Low,High,High,Down
High,Low,High,0,High,Medium,High,VeryLow,Low,Low,High,High,Down
VeryLow,Low,High,0,High,Medium,High,Low,Low,Low,High,High,Up
VeryLow,Low,High,0,High,Medium,High,High,Low,Low,High,High,Down
High,Low,High,0,High,Medium,High,VeryHigh,Low,Low,High,High,Down
Medium,Low,High,0,High,Medium,High,VeryHigh,Low,Low,High,High,Up
Low,Low,Medium,0,Medium,Low,High,High,Low,Low,High,High,Up
Medium,Low,Medium,0,Medium,Low,High,VeryLow,Low,Low,High,High,Up
Medium,Low,Medium,0,Medium,Low,High,Medium,Low,Low,High,High,Up
VeryLow,Low,Medium,0,Medium,Low,High,Medium,Low,Low,High,High,Up
VeryLow,Low,Medium,0,Medium,Low,High,VeryHigh,Low,Low,High,High,Up
High,Low,Medium,0,Medium,Low,High,High,Low,Low,High,High,Up
High,Low,Medium,0,Medium,Low,High,High,Low,Low,High,High,Down
High,Low,Medium,0,Medium,Low,High,Low,Low,Low,High,High,Down
Medium,Low,Medium,0,Medium,Low,High,Medium,Low,Low,High,High,Down
High,Low,Medium,0,Medium,Low,High,VeryHigh,Low,Low,High,High,Up
VeryLow,Low,Medium,0,Medium,Low,High,Medium,Low,Low,High,High,Down
VeryLow,Low,Medium,0,Medium,Low,High,VeryHigh,Low,Low,High,High,Down
High,Low,Medium,0,Medium,Low,High,VeryHigh,Low,Low,High,High,Down
Medium,Low,Medium,0,Medium,Low,High,VeryLow,Low,Low,High,High,Up
High,Low,Medium,0,Medium,Low,High,Low,Low,Low,High,High,Up
High,Low,Medium,0,Medium,Low,High,Medium,Low,Low,High,High,Down
VeryHigh,Low,Medium,0,Medium,Low,High,High,Low,Low,High,High,Up
Low,Low,Medium,0,Medium,Low,High,High,Low,Low,High,High,Up
High,Low,Medium,0,Medium,Low,High,VeryHigh,Low,Low,High,High,Down
VeryHigh,Low,Medium,0,Medium,Low,High,High,Low,Low,High,High,Up
VeryHigh,Low,Medium,0,Medium,Low,High,VeryLow,Low,Low,High,High,Up
Medium,Low,Medium,0,Medium,Low,High,Medium,Low,Low,High,High,Down
VeryHigh,Low,Medium,0,Medium,Low,High,Medium,Low,Low,High,High,Up
High,Low,Medium,0,Medium,Low,High,Medium,Low,Low,High,High,Up
VeryLow,Low,Medium,0,Medium,Low,High,Medium,Low,Low,High,High,Down
VeryLow,Low,Medium,0,Medium,Low,High,VeryHigh,Low,Low,High,High,Down
VeryHigh,Low,Medium,0,Medium,Low,High,VeryLow,Low,Low,High,High,Down
Medium,Low,Medium,0,Medium,Low,High,VeryLow,Low,Low,High,High,Down
Medium,Low,Medium,0,Medium,Low,High,Medium,Low,Low,High,High,Up
High,Low,Medium,0,Medium,Low,High,High,Low,Low,High,High,Up
High,Low,Medium,0,Medium,Low,High,Medium,Low,Low,High,High,Down
VeryLow,VeryLow,Medium,0,Medium,Low,High,VeryHigh,VeryLow,VeryLow,High,High,Down
Medium,VeryLow,Medium,0,Medium,Low,High,High,VeryLow,VeryLow,High,High,Down
VeryHigh,VeryLow,Medium,0,Medium,Low,High,Medium,VeryLow,VeryLow,High,High,Up
High,VeryLow,Medium,0,Medium,Low,High,VeryLow,VeryLow,VeryLow,High,High,Down
Medium,VeryLow,Medium,0,Medium,Low,High,High,VeryLow,VeryLow,High,High,Down
Medium,VeryLow,Medium,0,Medium,Low,High,High,VeryLow,VeryLow,High,High,Down
Medium,VeryLow,Medium,0,Medium,Low,High,Medium,VeryLow,VeryLow,High,High,Down
VeryLow,VeryLow,Medium,0,Medium,Low,High,Medium,VeryLow,VeryLow,High,High,Down
VeryLow,VeryLow,Medium,0,Medium,Low,High,VeryHigh,VeryLow,VeryLow,High,High,Down
Low,VeryLow,Medium,0,Medium,Low,High,VeryHigh,VeryLow,VeryLow,High,High,Up
Low,VeryLow,Medium,0,Medium,Low,High,Low,VeryLow,VeryLow,High,High,Down
Medium,VeryLow,Medium,0,Medium,Low,High,VeryLow,VeryLow,VeryLow,High,High,Up
Low,VeryLow,Medium,0,Medium,Low,High,VeryLow,VeryLow,VeryLow,High,High,Down
Low,VeryLow,Medium,0,Medium,Low,High,Low,VeryLow,VeryLow,High,High,Up
VeryLow,VeryLow,Medium,0,Medium,Low,High,VeryHigh,VeryLow,VeryLow,High,High,Up
VeryLow,VeryLow,Medium,0,Medium,Low,High,Medium,VeryLow,VeryLow,High,High,Down
VeryLow,VeryLow,Medium,0,Medium,Low,High,VeryLow,VeryLow,VeryLow,High,High,Down
Medium,VeryLow,Medium,0,Medium,Low,High,VeryHigh,VeryLow,VeryLow,High,High,Down
Low,VeryLow,Medium,0,Medium,Low,High,High,VeryLow,VeryLow,High,High,Up
Medium,VeryLow,Medium,0,Medium,Low,High,Low,VeryLow,VeryLow,High,High,Up
VeryHigh,VeryLow,Medium,0,Medium,Low,High,VeryHigh,VeryLow,VeryLow,High,High,Down
Low,VeryLow,Medium,0,Medium,Low,High,Low,VeryLow,VeryLow,High,High,Up
VeryLow,VeryLow,Medium,0,Medium,Low,High,VeryHigh,VeryLow,VeryLow,High,High,Down
High,VeryLow,Medium,0,Medium,Low,High,VeryLow,VeryLow,VeryLow,High,High,Down
VeryHigh,VeryLow,Medium,0,Medium,Low,High,Medium,VeryLow,VeryLow,High,High,Down
VeryHigh,VeryLow,Medium,0,Medium,Low,High,Low,VeryLow,VeryLow,High,High,Down
High,VeryLow,Medium,0,Medium,Low,High,Low,VeryLow,VeryLow,High,High,Up
VeryHigh,VeryLow,Medium,0,Medium,Low,High,Low,VeryLow,VeryLow,High,High,Down
Low,VeryLow,Medium,0,High,Low,High,VeryLow,VeryLow,VeryLow,High,High,Up
High,VeryLow,Medium,0,High,Low,High,VeryHigh,VeryLow,VeryLow,High,High,Up
VeryHigh,VeryLow,Medium,0,High,Low,High,High,VeryLow,VeryLow,High,High,Down
VeryHigh,VeryLow,Medium,0,High,Low,High,VeryLow,VeryLow,VeryLow,High,High,Up
High,VeryLow,Medium,0,High,Low,High,Low,VeryLow,VeryLow,High,High,Up
High,VeryLow,Medium,0,High,Low,High,Medium,VeryLow,VeryLow,High,High,Down
VeryHigh,VeryLow,Medium,0,High,Low,High,High,VeryLow,VeryLow,High,High,Down
VeryLow,VeryLow,Medium,0,High,Low,High,Low,VeryLow,VeryLow,High,High,Down
Low,VeryLow,Medium,0,High,Low,High,VeryLow,VeryLow,VeryLow,High,High,Down
VeryHigh,VeryLow,Medium,0,High,Low,High,VeryLow,VeryLow,VeryLow,High,High,Down
High,VeryLow,Medium,0,High,Low,High,VeryLow,VeryLow,VeryLow,High,High,Up
High,VeryLow,Medium,0,High,Low,High,Medium,VeryLow,VeryLow,High,High,Up
Medium,VeryLow,Medium,0,High,Low,High,Low,VeryLow,VeryLow,High,High,Down
Medium,VeryLow,Medium,0,High,Low,High,High,VeryLow,VeryLow,High,High,Up
VeryLow,VeryLow,Medium,0,High,Low,High,High,VeryLow,VeryLow,High,High,Up
VeryLow,VeryLow,Medium,0,High,Low,High,VeryLow,VeryLow,VeryLow,High,High,Down
Low,VeryLow,Medium,0,High,Low,High,VeryLow,VeryLow,VeryLow,High,High,Up
Low,VeryLow,Medium,0,High,Low,High,VeryLow,VeryLow,VeryLow,High,High,Down
High,VeryLow,Medium,0,High,Low,High,VeryLow,VeryLow,VeryLow,High,High,Up
Medium,VeryLow,Medium,0,High,Low,High,High,VeryLow,VeryLow,High,High,Down
Low,VeryLow,Medium,0,High,Low,High,Medium,VeryLow,VeryLow,High,High,Down
VeryLow,VeryLow,Medium,0,High,Low,High,Low,VeryLow,VeryLow,High,High,Down
VeryLow,VeryLow,Medium,0,High,Low,High,High,VeryLow,VeryLow,High,High,Up
High,VeryLow,Medium,0,High,Low,High,High,VeryLow,VeryLow,High,High,Up
Medium,VeryLow,Medium,0,High,Low,High,High,VeryLow,VeryLow,High,High,Down
Low,VeryLow,Medium,0,High,Low,High,VeryHigh,VeryLow,VeryLow,High,High,Down
Low,VeryLow,Medium,0,High,Low,High,Medium,VeryLow,VeryLow,High,High,Up
Medium,VeryLow,Medium,0,High,Low,High,Medium,VeryLow,VeryLow,High,High,Down
VeryLow,VeryLow,Medium,0,High,Low,High,VeryLow,VeryLow,VeryLow,High,High,Down
VeryLow,VeryLow,Medium,0,High,Low,High,Low,VeryLow,VeryLow,High,High,Down
Low,VeryLow,Medium,0,High,Low,High,High,VeryLow,VeryLow,High,High,Up
Medium,VeryLow,High,0,High,Low,High,VeryLow,VeryLow,VeryLow,High,High,Up
High,VeryLow,High,0,High,Low,High,Medium,VeryLow,VeryLow,High,High,Down
Medium,VeryLow,High,0,High,Low,High,Medium,VeryLow,VeryLow,High,High,Up
High,VeryLow,High,0,High,Low,High,VeryLow,VeryLow,VeryLow,High,High,Up
VeryLow,VeryLow,High,0,High,Low,High,Medium,VeryLow,VeryLow,High,High,Down
Medium,VeryLow,High,0,High,Low,High,Medium,VeryLow,VeryLow,High,High,Down
VeryHigh,VeryLow,High,0,High,Low,High,Low,VeryLow,VeryLow,High,High,Up
High,VeryLow,High,0,High,Low,High,Low,VeryLow,VeryLow,High,High,Down
VeryHigh,VeryLow,High,0,High,Low,High,VeryLow,VeryLow,VeryLow,High,High,Up
Medium,VeryLow,High,0,High,Low,High,Low,VeryLow,VeryLow,High,High,Down
Medium,VeryLow,High,0,High,Low,High,VeryHigh,VeryLow,VeryLow,High,High,Up
VeryLow,VeryLow,High,0,High,Low,High,High,VeryLow,VeryLow,High,High,Up
VeryLow,VeryLow,High,0,High,Low,High,High,VeryLow,VeryLow,High,High,Down
Low,VeryLow,High,0,High,Low,High,Medium,VeryLow,VeryLow,High,High,Up
Low,VeryLow,High,0,High,Low,High,VeryHigh,VeryLow,VeryLow,High,High,Down
Low,VeryLow,High,0,High,Low,High,Medium,VeryLow,VeryLow,High,High,Up
Low,VeryLow,High,0,High,Low,High,Low,VeryLow,VeryLow,High,High,Up
VeryLow,VeryLow,High,0,High,Low,High,High,VeryLow,VeryLow,High,High,Down
VeryLow,VeryLow,High,0,High,Low,High,Medium,VeryLow,VeryLow,High,High,Up
VeryLow,VeryLow,High,0,High,Low,High,VeryHigh,VeryLow,VeryLow,High,High,Up
High,VeryLow,High,0,High,Low,High,High,VeryLow,VeryLow,High,High,Up
VeryHigh,VeryLow,High,0,High,Low,High,High,VeryLow,VeryLow,High,High,Up
High,VeryLow,High,0,High,Low,High,Medium,VeryLow,VeryLow,High,High,Up
Medium,VeryLow,High,0,High,Low,High,VeryHigh,VeryLow,VeryLow,High,High,Up
High,VeryLow,High,0,High,Low,High,High,VeryLow,VeryLow,High,High,Up
VeryLow,VeryLow,High,0,High,Low,High,VeryHigh,VeryLow,VeryLow,High,High,Down
VeryLow,VeryLow,High,0,High,Low,High,VeryLow,VeryLow,VeryLow,High,High,Down
Low,VeryLow,High,0,High,Low,High,VeryHigh,VeryLow,VeryLow,High,High,Up
Low,VeryLow,High,0,High,Low,High,VeryHigh,VeryLow,VeryLow,High,High,Down
Low,VeryLow,High,0,High,Low,High,High,VeryLow,VeryLow,High,High,Down
Low,VeryLow,High,0,High,Low,VeryHigh,VeryHigh,VeryLow,Low,VeryHigh,VeryHigh,Up
Low,VeryLow,High,0,High,Low,VeryHigh,VeryHigh,VeryLow,Low,VeryHigh,VeryHigh,Up
VeryLow,VeryLow,High,0,High,Low,VeryHigh,High,VeryLow,Low,VeryHigh,VeryHigh,Down
VeryLow,VeryLow,High,0,High,Low,VeryHigh,Medium,VeryLow,Low,VeryHigh,VeryHigh,Down
Low,VeryLow,High,0,High,Low,VeryHigh,VeryHigh,VeryLow,Low,VeryHigh,VeryHigh,Up
Low,VeryLow,High,0,High,Low,VeryHigh,Low,VeryLow,Low,VeryHigh,VeryHigh,Up
Low,VeryLow,High,0,High,Low,VeryHigh,VeryHigh,VeryLow,Low,VeryHigh,VeryHigh,Up
High,VeryLow,High,0,High,Low,VeryHigh,VeryHigh,VeryLow,Low,VeryHigh,VeryHigh,Up
Low,VeryLow,High,0,High,Low,VeryHigh,VeryHigh,VeryLow,Low,VeryHigh,VeryHigh,Down
VeryLow,VeryLow,High,0,High,Low,VeryHigh,Low,VeryLow,Low,VeryHigh,VeryHigh,Up
VeryLow,VeryLow,High,0,High,Low,VeryHigh,High,VeryLow,Low,VeryHigh,VeryHigh,Down
Medium,VeryLow,High,0,High,Low,VeryHigh,VeryHigh,VeryLow,Low,VeryHigh,VeryHigh,Down
Medium,VeryLow,High,0,High,Low,VeryHigh,VeryHigh,VeryLow,Low,VeryHigh,VeryHigh,Up
Low,VeryLow,High,0,High,Low,VeryHigh,Medium,VeryLow,Low,VeryHigh,VeryHigh,Down
Low,VeryLow,High,0,High,Low,VeryHigh,VeryHigh,VeryLow,Low,VeryHigh,VeryHigh,Up
Low,VeryLow,High,0,High,Low,VeryHigh,Medium,VeryLow,Low,VeryHigh,VeryHigh,Down
VeryLow,VeryLow,High,0,High,Low,VeryHigh,Medium,VeryLow,Low,VeryHigh,VeryHigh,Down
VeryLow,VeryLow,High,0,High,Low,VeryHigh,Low,VeryLow,Low,VeryHigh,VeryHigh,Up
Medium,VeryLow,High,0,High,Low,VeryHigh,High,VeryLow,Low,VeryHigh,VeryHigh,Down
Medium,VeryLow,High,0,High,Low,VeryHigh,Low,VeryLow,Low,VeryHigh,VeryHigh,Up
VeryHigh,VeryLow,High,0,High,Low,VeryHigh,High,VeryLow,Low,VeryHigh,VeryHigh,Up
Medium,VeryLow,High,0,High,Low,VeryHigh,VeryHigh,VeryLow,Low,VeryHigh,VeryHigh,Up
Medium,VeryLow,High,0,High,Low,VeryHigh,High,VeryLow,Low,VeryHigh,VeryHigh,Down
VeryLow,VeryLow,High,0,High,Low,VeryHigh,VeryLow,VeryLow,Low,VeryHigh,VeryHigh,Up
VeryLow,VeryLow,High,0,High,Low,VeryHigh,High,VeryLow,Low,VeryHigh,VeryHigh,Up
VeryLow,VeryLow,High,0,High,Low,VeryHigh,High,VeryLow,Low,VeryHigh,VeryHigh,Up
Medium,VeryLow,High,0,High,Low,VeryHigh,VeryHigh,VeryLow,Low,VeryHigh,VeryHigh,Down
Low,VeryLow,High,0,High,Low,VeryHigh,VeryHigh,VeryLow,Low,VeryHigh,VeryHigh,Down
Medium,VeryLow,High,0,High,Low,VeryHigh,VeryHigh,VeryLow,Low,VeryHigh,VeryHigh,Down
Low,VeryLow,High,0,High,Low,VeryHigh,Low,VeryLow,Low,VeryHigh,VeryHigh,Down
VeryLow,VeryLow,High,0,High,Low,VeryHigh,VeryLow,VeryLow,Low,VeryHigh,VeryHigh,Up
VeryLow,VeryLow,High,0,High,Low,VeryHigh,VeryLow,Low,Low,VeryHigh,VeryHigh,Up
Low,VeryLow,High,0,High,Low,VeryHigh,VeryLow,Low,Low,VeryHigh,VeryHigh,Up
Low,VeryLow,High,0,High,Low,VeryHigh,High,Low,Low,VeryHigh,VeryHigh,Down
VeryLow,VeryLow,High,0,High,Low,VeryHigh,VeryHigh,Low,Low,VeryHigh,VeryHigh,Down
Medium,VeryLow,High,0,High,Low,VeryHigh,High,Low,Low,VeryHigh,VeryHigh,Down
Medium,VeryLow,High,0,High,Low,VeryHigh,VeryHigh,Low,Low,VeryHigh,VeryHigh,Up
VeryLow,VeryLow,High,0,High,Low,VeryHigh,Medium,Low,Low,VeryHigh,VeryHigh,Up
VeryLow,VeryLow,High,0,High,Low,VeryHigh,Medium,Low,Low,VeryHigh,VeryHigh,Up
Low,VeryLow,High,0,High,Low,VeryHigh,VeryHigh,Low,Low,VeryHigh,VeryHigh,Up
Low,VeryLow,High,0,High,Low,VeryHigh,Medium,Low,Low,VeryHigh,VeryHigh,Down
VeryLow,VeryLow,High,0,High,Low,VeryHigh,VeryHigh,Low,Low,VeryHigh,VeryHigh,Down
Low,VeryLow,High,0,High,Low,VeryHigh,VeryHigh,Low,Low,VeryHigh,VeryHigh,Down
Low,VeryLow,High,0,High,Low,VeryHigh,Low,Low,Low,VeryHigh,VeryHigh,Up
VeryLow,VeryLow,High,0,High,Low,VeryHigh,VeryHigh,Low,Low,VeryHigh,VeryHigh,Down
VeryLow,VeryLow,High,0,High,Low,VeryHigh,Low,Low,Low,VeryHigh,VeryHigh,Up
Low,VeryLow,High,0,High,Low,VeryHigh,High,Low,Low,VeryHigh,VeryHigh,Up
Low,VeryLow,High,0,High,Low,VeryHigh,VeryHigh,Low,Low,VeryHigh,VeryHigh,Down
VeryLow,VeryLow,High,0,High,Low,VeryHigh,Low,Low,Low,VeryHigh,VeryHigh,Up
VeryLow,VeryLow,High,0,High,Low,VeryHigh,High,Low,Low,VeryHigh,VeryHigh,Down
Low,VeryLow,High,0,High,Low,VeryHigh,High,Low,Low,VeryHigh,VeryHigh,Down
VeryLow,VeryLow,High,0,High,Low,VeryHigh,High,Low,Low,VeryHigh,VeryHigh,Down
Low,VeryLow,High,0,High,Low,VeryHigh,High,Low,Low,VeryHigh,VeryHigh,Down
Medium,VeryLow,High,0,High,Low,VeryHigh,Low,Low,Low,VeryHigh,VeryHigh,Up
Low,VeryLow,High,0,High,Low,VeryHigh,High,Low,Low,VeryHigh,VeryHigh,Up
Low,VeryLow,High,0,High,Low,VeryHigh,VeryHigh,Low,Low,VeryHigh,VeryHigh,Up
VeryLow,VeryLow,High,0,High,Low,VeryHigh,VeryHigh,Low,Low,VeryHigh,VeryHigh,Down
Low,VeryLow,High,0,High,Low,VeryHigh,VeryHigh,Low,Low,VeryHigh,VeryHigh,Up
VeryLow,VeryLow,High,0,High,Low,VeryHigh,VeryHigh,Low,Low,VeryHigh,VeryHigh,Up
VeryLow,VeryLow,High,0,High,Low,VeryHigh,High,Low,Low,VeryHigh,VeryHigh,Up
VeryLow,VeryLow,High,0,High,Low,VeryHigh,Medium,Low,Low,VeryHigh,VeryHigh,Down
Low,VeryLow,High,0,High,VeryLow,VeryHigh,VeryHigh,VeryLow,VeryLow,VeryHigh,VeryHigh,Down
Low,VeryLow,High,0,High,VeryLow,VeryHigh,Low,VeryLow,VeryLow,VeryHigh,VeryHigh,Up
Low,VeryLow,High,0,High,VeryLow,VeryHigh,High,VeryLow,VeryLow,VeryHigh,VeryHigh,Up
VeryLow,VeryLow,High,0,High,VeryLow,VeryHigh,High,VeryLow,VeryLow,VeryHigh,VeryHigh,Down
VeryLow,VeryLow,High,0,High,VeryLow,VeryHigh,VeryHigh,VeryLow,VeryLow,VeryHigh,VeryHigh,Up
VeryLow,VeryLow,High,0,High,VeryLow,VeryHigh,Medium,VeryLow,VeryLow,VeryHigh,VeryHigh,Up
VeryLow,VeryLow,High,0,High,VeryLow,VeryHigh,Low,VeryLow,VeryLow,VeryHigh,VeryHigh,Down
VeryLow,VeryLow,High,0,High,VeryLow,VeryHigh,Low,VeryLow,VeryLow,VeryHigh,VeryHigh,Up
Low,VeryLow,High,0,High,VeryLow,VeryHigh,Medium,VeryLow,VeryLow,VeryHigh,VeryHigh,Up
High,VeryLow,High,0,High,VeryLow,VeryHigh,High,VeryLow,VeryLow,VeryHigh,VeryHigh,Up
Medium,VeryLow,High,0,High,VeryLow,VeryHigh,VeryHigh,VeryLow,VeryLow,VeryHigh,VeryHigh,Up
VeryLow,VeryLow,High,0,High,VeryLow,VeryHigh,VeryHigh,VeryLow,VeryLow,VeryHigh,VeryHigh,Down
VeryLow,VeryLow,High,0,High,VeryLow,VeryHigh,VeryHigh,VeryLow,VeryLow,VeryHigh,VeryHigh,Up
High,VeryLow,High,0,High,VeryLow,VeryHigh,VeryHigh,VeryLow,VeryLow,VeryHigh,VeryHigh,Up
VeryHigh,VeryLow,High,0,High,VeryLow,VeryHigh,VeryHigh,VeryLow,VeryLow,VeryHigh,VeryHigh,Down
Medium,VeryLow,High,0,High,VeryLow,VeryHigh,VeryHigh,VeryLow,VeryLow,VeryHigh,VeryHigh,Up
Low,VeryLow,High,0,High,VeryLow,VeryHigh,VeryHigh,VeryLow,VeryLow,VeryHigh,VeryHigh,Up
Medium,VeryLow,High,0,High,VeryLow,VeryHigh,VeryHigh,VeryLow,VeryLow,VeryHigh,VeryHigh,Down
VeryLow,VeryLow,High,0,High,VeryLow,VeryHigh,High,VeryLow,VeryLow,VeryHigh,VeryHigh,Down
VeryLow,VeryLow,High,0,High,VeryLow,VeryHigh,High,VeryLow,VeryLow,VeryHigh,VeryHigh,Down
Low,VeryLow,High,0,High,VeryLow,VeryHigh,Low,VeryLow,VeryLow,VeryHigh,VeryHigh,Up
Low,VeryLow,High,0,High,VeryLow,VeryHigh,VeryHigh,VeryLow,VeryLow,VeryHigh,VeryHigh,Up
Low,VeryLow,High,0,High,VeryLow,VeryHigh,VeryHigh,VeryLow,VeryLow,VeryHigh,VeryHigh,Down
Low,VeryLow,High,0,High,VeryLow,VeryHigh,High,VeryLow,VeryLow,VeryHigh,VeryHigh,Down
VeryHigh,VeryLow,High,0,High,VeryLow,VeryHigh,High,VeryLow,VeryLow,VeryHigh,VeryHigh,Down
Low,VeryLow,High,0,High,VeryLow,VeryHigh,Low,VeryLow,VeryLow,VeryHigh,VeryHigh,Up
Low,VeryLow,High,0,High,VeryLow,VeryHigh,VeryHigh,VeryLow,VeryLow,VeryHigh,VeryHigh,Up
Low,VeryLow,High,0,High,VeryLow,VeryHigh,Medium,VeryLow,VeryLow,VeryHigh,VeryHigh,Down
Low,VeryLow,High,0,High,VeryLow,VeryHigh,Medium,VeryLow,VeryLow,VeryHigh,VeryHigh,Down
VeryLow,VeryLow,High,0,High,VeryLow,VeryHigh,High,VeryLow,VeryLow,VeryHigh,VeryHigh,Down
VeryLow,VeryLow,High,0,High,VeryLow,VeryHigh,High,VeryLow,VeryLow,VeryHigh,VeryHigh,Down
Medium,VeryLow,VeryHigh,0,VeryHigh,VeryLow,VeryHigh,High,Low,Low,VeryHigh,VeryHigh,Down
VeryLow,VeryLow,VeryHigh,0,VeryHigh,VeryLow,VeryHigh,High,Low,Low,VeryHigh,VeryHigh,Down
VeryLow,VeryLow,VeryHigh,0,VeryHigh,VeryLow,VeryHigh,Low,Low,Low,VeryHigh,VeryHigh,Up
VeryLow,VeryLow,VeryHigh,0,VeryHigh,VeryLow,VeryHigh,High,Low,Low,VeryHigh,VeryHigh,Up
VeryLow,VeryLow,VeryHigh,0,VeryHigh,VeryLow,VeryHigh,VeryHigh,Low,Low,VeryHigh,VeryHigh,Down
VeryLow,VeryLow,VeryHigh,0,VeryHigh,VeryLow,VeryHigh,High,Low,Low,VeryHigh,VeryHigh,Up
Low,VeryLow,VeryHigh,0,VeryHigh,VeryLow,VeryHigh,VeryHigh,Low,Low,VeryHigh,VeryHigh,Up
VeryLow,VeryLow,VeryHigh,0,VeryHigh,VeryLow,VeryHigh,VeryHigh,Low,Low,VeryHigh,VeryHigh,Down
VeryLow,VeryLow,VeryHigh,0,VeryHigh,VeryLow,VeryHigh,High,Low,Low,VeryHigh,VeryHigh,Down
VeryLow,VeryLow,VeryHigh,0,VeryHigh,VeryLow,VeryHigh,VeryHigh,Low,Low,VeryHigh,VeryHigh,Up
Low,VeryLow,VeryHigh,0,VeryHigh,VeryLow,VeryHigh,High,Low,Low,VeryHigh,VeryHigh,Down
VeryLow,VeryLow,VeryHigh,0,VeryHigh,VeryLow,VeryHigh,VeryHigh,Low,Low,VeryHigh,VeryHigh,Up
Low,VeryLow,VeryHigh,0,VeryHigh,VeryLow,VeryHigh,High,Low,Low,VeryHigh,VeryHigh,Up
Medium,VeryLow,VeryHigh,0,VeryHigh,VeryLow,VeryHigh,VeryHigh,Low,Low,VeryHigh,VeryHigh,Down
Low,VeryLow,VeryHigh,0,VeryHigh,VeryLow,VeryHigh,VeryHigh,Low,Low,VeryHigh,VeryHigh,Down
VeryLow,VeryLow,VeryHigh,0,VeryHigh,VeryLow,VeryHigh,Low,Low,Low,VeryHigh,VeryHigh,Up
VeryLow,VeryLow,VeryHigh,0,VeryHigh,VeryLow,VeryHigh,Medium,Low,Low,VeryHigh,VeryHigh,Up
Low,VeryLow,VeryHigh,0,VeryHigh,VeryLow,VeryHigh,VeryHigh,Low,Low,VeryHigh,VeryHigh,Down
Low,VeryLow,VeryHigh,0,VeryHigh,VeryLow,VeryHigh,VeryHigh,Low,Low,VeryHigh,VeryHigh,Down
Low,VeryLow,VeryHigh,0,VeryHigh,VeryLow,VeryHigh,VeryHigh,Low,Low,VeryHigh,VeryHigh,Up
Low,VeryLow,VeryHigh,0,VeryHigh,VeryLow,VeryHigh,High,Low,Low,VeryHigh,VeryHigh,Down
Medium,VeryLow,VeryHigh,0,VeryHigh,VeryLow,VeryHigh,Medium,Low,Low,VeryHigh,VeryHigh,Up
VeryLow,VeryLow,VeryHigh,0,VeryHigh,VeryLow,VeryHigh,High,Low,Low,VeryHigh,VeryHigh,Down
VeryLow,VeryLow,VeryHigh,0,VeryHigh,VeryLow,VeryHigh,High,Low,Low,VeryHigh,VeryHigh,Down
Low,VeryLow,VeryHigh,0,VeryHigh,VeryLow,VeryHigh,Medium,Low,Low,VeryHigh,VeryHigh,Down
Low,VeryLow,VeryHigh,0,VeryHigh,VeryLow,VeryHigh,VeryHigh,Low,Low,VeryHigh,VeryHigh,Up
Low,VeryLow,VeryHigh,0,VeryHigh,VeryLow,VeryHigh,High,Low,Low,VeryHigh,VeryHigh,Down
VeryLow,VeryLow,VeryHigh,0,VeryHigh,VeryLow,VeryHigh,High,Low,Low,VeryHigh,VeryHigh,Up
Low,VeryLow,VeryHigh,0,VeryHigh,VeryLow,VeryHigh,VeryHigh,Low,Low,VeryHigh,VeryHigh,Down
VeryLow,VeryLow,VeryHigh,0,VeryHigh,VeryLow,VeryHigh,Medium,Low,Low,VeryHigh,VeryHigh,Up
VeryLow,VeryLow,VeryHigh,0,VeryHigh,VeryLow,VeryHigh,VeryHigh,Low,Low,VeryHigh,VeryHigh,Down
Low,VeryLow,VeryHigh,0,VeryHigh,VeryLow,VeryHigh,High,VeryLow,VeryLow,VeryHigh,VeryHigh,Up
Low,VeryLow,VeryHigh,0,VeryHigh,VeryLow,VeryHigh,Medium,VeryLow,VeryLow,VeryHigh,VeryHigh,Up
Low,VeryLow,VeryHigh,0,VeryHigh,VeryLow,VeryHigh,Low,VeryLow,VeryLow,VeryHigh,VeryHigh,Up
Low,VeryLow,VeryHigh,0,VeryHigh,VeryLow,VeryHigh,VeryHigh,VeryLow,VeryLow,VeryHigh,VeryHigh,Down
Low,VeryLow,VeryHigh,0,VeryHigh,VeryLow,VeryHigh,VeryHigh,VeryLow,VeryLow,VeryHigh,VeryHigh,Down
VeryLow,VeryLow,VeryHigh,0,VeryHigh,VeryLow,VeryHigh,Medium,VeryLow,VeryLow,VeryHigh,VeryHigh,Down
VeryLow,VeryLow,VeryHigh,0,VeryHigh,VeryLow,VeryHigh,VeryHigh,VeryLow,VeryLow,VeryHigh,VeryHigh,Up
Low,VeryLow,VeryHigh,0,VeryHigh,VeryLow,VeryHigh,Medium,VeryLow,VeryLow,VeryHigh,VeryHigh,Up
Low,VeryLow,VeryHigh,0,VeryHigh,VeryLow,VeryHigh,High,VeryLow,VeryLow,VeryHigh,VeryHigh,Down
Low,VeryLow,VeryHigh,0,VeryHigh,VeryLow,VeryHigh,VeryHigh,VeryLow,VeryLow,VeryHigh,VeryHigh,Up
Low,VeryLow,VeryHigh,0,VeryHigh,VeryLow,VeryHigh,VeryHigh,VeryLow,VeryLow,VeryHigh,VeryHigh,Up
Low,VeryLow,VeryHigh,0,VeryHigh,VeryLow,VeryHigh,Low,VeryLow,VeryLow,VeryHigh,VeryHigh,Up
VeryLow,VeryLow,VeryHigh,0,VeryHigh,VeryLow,VeryHigh,VeryHigh,VeryLow,VeryLow,VeryHigh,VeryHigh,Down
VeryLow,VeryLow,VeryHigh,0,VeryHigh,VeryLow,VeryHigh,VeryHigh,VeryLow,VeryLow,VeryHigh,VeryHigh,Down
Low,VeryLow,VeryHigh,0,VeryHigh,VeryLow,VeryHigh,Medium,VeryLow,VeryLow,VeryHigh,VeryHigh,Up
Low,VeryLow,VeryHigh,0,VeryHigh,VeryLow,VeryHigh,VeryHigh,VeryLow,VeryLow,VeryHigh,VeryHigh,Up
Low,VeryLow,VeryHigh,0,VeryHigh,VeryLow,VeryHigh,VeryLow,VeryLow,VeryLow,VeryHigh,VeryHigh,Down
Low,VeryLow,VeryHigh,0,VeryHigh,VeryLow,VeryHigh,Medium,VeryLow,VeryLow,VeryHigh,VeryHigh,Up
Low,VeryLow,VeryHigh,0,VeryHigh,VeryLow,VeryHigh,High,VeryLow,VeryLow,VeryHigh,VeryHigh,Down
VeryLow,VeryLow,VeryHigh,0,VeryHigh,VeryLow,VeryHigh,Medium,VeryLow,VeryLow,VeryHigh,VeryHigh,Up
VeryLow,VeryLow,VeryHigh,0,VeryHigh,VeryLow,VeryHigh,Medium,VeryLow,VeryLow,VeryHigh,VeryHigh,Down
Low,VeryLow,VeryHigh,0,VeryHigh,VeryLow,VeryHigh,Medium,VeryLow,VeryLow,VeryHigh,VeryHigh,Down
VeryLow,VeryLow,VeryHigh,0,VeryHigh,VeryLow,VeryHigh,VeryLow,VeryLow,VeryLow,VeryHigh,VeryHigh,Down
VeryLow,VeryLow,VeryHigh,0,VeryHigh,VeryLow,VeryHigh,VeryHigh,VeryLow,VeryLow,VeryHigh,VeryHigh,Up
Medium,VeryLow,VeryHigh,0,VeryHigh,VeryLow,VeryHigh,Medium,VeryLow,VeryLow,VeryHigh,VeryHigh,Down
Low,VeryLow,VeryHigh,0,VeryHigh,VeryLow,VeryHigh,Low,VeryLow,VeryLow,VeryHigh,VeryHigh,Up
VeryLow,VeryLow,VeryHigh,0,VeryHigh,VeryLow,VeryHigh,Low,VeryLow,VeryLow,VeryHigh,VeryHigh,Down
VeryLow,VeryLow,VeryHigh,0,VeryHigh,VeryLow,VeryHigh,Medium,VeryLow,VeryLow,VeryHigh,VeryHigh,Up
Low,VeryLow,VeryHigh,0,VeryHigh,VeryLow,VeryHigh,High,VeryLow,VeryLow,VeryHigh,VeryHigh,Up
Low,VeryLow,VeryHigh,0,VeryHigh,VeryLow,VeryHigh,VeryHigh,VeryLow,VeryLow,VeryHigh,VeryHigh,Down
Medium,Low,VeryHigh,0,VeryHigh,VeryLow,VeryHigh,VeryHigh,VeryLow,VeryLow,VeryHigh,VeryHigh,Up
Medium,Low,VeryHigh,0,VeryHigh,VeryLow,VeryHigh,Low,VeryLow,VeryLow,VeryHigh,VeryHigh,Up
Medium,Low,VeryHigh,0,VeryHigh,VeryLow,VeryHigh,High,VeryLow,VeryLow,VeryHigh,VeryHigh,Up
VeryLow,Low,VeryHigh,0,VeryHigh,VeryLow,VeryHigh,VeryHigh,VeryLow,VeryLow,VeryHigh,VeryHigh,Up
Low,Low,VeryHigh,0,VeryHigh,VeryLow,VeryHigh,VeryHigh,VeryLow,VeryLow,VeryHigh,VeryHigh,Up
Medium,Low,VeryHigh,0,VeryHigh,VeryLow,VeryHigh,VeryHigh,VeryLow,VeryLow,VeryHigh,VeryHigh,Up
Medium,Low,VeryHigh,0,VeryHigh,VeryLow,VeryHigh,VeryHigh,VeryLow,VeryLow,VeryHigh,VeryHigh,Down
Low,Low,VeryHigh,0,VeryHigh,VeryLow,VeryHigh,VeryHigh,VeryLow,VeryLow,VeryHigh,VeryHigh,Up
Low,Low,VeryHigh,0,VeryHigh,VeryLow,VeryHigh,Medium,VeryLow,VeryLow,VeryHigh,VeryHigh,Down
VeryHigh,Low,VeryHigh,0,VeryHigh,VeryLow,VeryHigh,Low,VeryLow,VeryLow,VeryHigh,VeryHigh,Down
Medium,Low,VeryHigh,0,VeryHigh,VeryLow,VeryHigh,VeryLow,VeryLow,VeryLow,VeryHigh,VeryHigh,Down
Medium,Low,VeryHigh,0,VeryHigh,VeryLow,VeryHigh,VeryLow,VeryLow,VeryLow,VeryHigh,VeryHigh,Up
Low,Low,VeryHigh,0,VeryHigh,VeryLow,VeryHigh,VeryLow,VeryLow,VeryLow,VeryHigh,VeryHigh,Up
Medium,Low,VeryHigh,0,VeryHigh,VeryLow,VeryHigh,Low,VeryLow,VeryLow,VeryHigh,VeryHigh,Down
Low,Low,VeryHigh,0,VeryHigh,VeryLow,VeryHigh,Medium,VeryLow,VeryLow,VeryHigh,VeryHigh,Down
High,Low,VeryHigh,0,VeryHigh,VeryLow,VeryHigh,Medium,VeryLow,VeryLow,VeryHigh,VeryHigh,Down
High,Low,VeryHigh,0,VeryHigh,VeryLow,VeryHigh,VeryHigh,VeryLow,VeryLow,VeryHigh,VeryHigh,Down
VeryLow,Low,VeryHigh,0,VeryHigh,VeryLow,VeryHigh,Low,VeryLow,VeryLow,VeryHigh,VeryHigh,Up
VeryLow,Low,VeryHigh,0,VeryHigh,VeryLow,VeryHigh,Low,VeryLow,VeryLow,VeryHigh,VeryHigh,Up
Low,Low,VeryHigh,0,VeryHigh,VeryLow,VeryHigh,VeryLow,VeryLow,VeryLow,VeryHigh,VeryHigh,Up
High,Low,VeryHigh,0,VeryHigh,VeryLow,VeryHigh,Low,VeryLow,VeryLow,VeryHigh,VeryHigh,Down
Medium,Low,VeryHigh,0,VeryHigh,VeryLow,VeryHigh,Low,VeryLow,VeryLow,VeryHigh,VeryHigh,Down
Low,Low,VeryHigh,0,VeryHigh,VeryLow,VeryHigh,VeryLow,VeryLow,VeryLow,VeryHigh,VeryHigh,Up
Low,Low,VeryHigh,0,VeryHigh,VeryLow,VeryHigh,Low,VeryLow,VeryLow,VeryHigh,VeryHigh,Up
VeryLow,Low,VeryHigh,0,VeryHigh,VeryLow,VeryHigh,Medium,VeryLow,VeryLow,VeryHigh,VeryHigh,Up
VeryLow,Low,VeryHigh,0,VeryHigh,VeryLow,VeryHigh,VeryHigh,VeryLow,VeryLow,VeryHigh,VeryHigh,Up
Low,Low,VeryHigh,0,VeryHigh,VeryLow,VeryHigh,High,VeryLow,VeryLow,VeryHigh,VeryHigh,Down
Low,Low,VeryHigh,0,VeryHigh,VeryLow,VeryHigh,VeryHigh,VeryLow,VeryLow,VeryHigh,VeryHigh,Down
Low,Low,VeryHigh,0,VeryHigh,VeryLow,VeryHigh,Low,VeryLow,VeryLow,VeryHigh,VeryHigh,Down
Low,Low,VeryHigh,0,VeryHigh,VeryLow,VeryHigh,VeryLow,VeryLow,VeryLow,VeryHigh,VeryHigh,Down
Low,Low,VeryHigh,0,VeryHigh,VeryLow,VeryHigh,VeryLow,VeryLow,VeryLow,VeryHigh,VeryHigh,Up
VeryLow,Low,VeryHigh,0,VeryHigh,VeryLow,VeryHigh,Low,VeryLow,VeryLow,VeryHigh,VeryHigh,Up
VeryLow,Low,VeryHigh,0,VeryHigh,VeryLow,VeryHigh,VeryLow,VeryLow,VeryLow,VeryHigh,VeryHigh,Up
Medium,Low,VeryHigh,0,VeryHigh,VeryLow,VeryHigh,VeryHigh,VeryLow,VeryLow,VeryHigh,VeryHigh,Down
High,Low,VeryHigh,0,VeryHigh,VeryLow,VeryHigh,Medium,VeryLow,VeryLow,VeryHigh,VeryHigh,Down
Medium,Low,VeryHigh,0,VeryHigh,VeryLow,VeryHigh,VeryLow,VeryLow,VeryLow,VeryHigh,VeryHigh,Up
Medium,Low,VeryHigh,0,VeryHigh,VeryLow,VeryHigh,VeryLow,VeryLow,VeryLow,VeryHigh,VeryHigh,Down
Medium,Low,VeryHigh,0,VeryHigh,VeryLow,VeryHigh,Medium,VeryLow,VeryLow,VeryHigh,VeryHigh,Up
VeryLow,Low,VeryHigh,0,VeryHigh,VeryLow,VeryHigh,Low,VeryLow,VeryLow,VeryHigh,VeryHigh,Down
